0.0,0.0,-0.0286,-0.0001,-9.8,0.0,0.0,-0.0,0.0,0.0,0.0,0.0,0.0004,-0.1673,20.7802,0.0,0.0,0.0,0.0,0.0,1.0,0.0,0.0,0.0,1.0,10.0,0.0,0.0,0.0,0.0,1.0,0.0,1.0,0.0,1.0,-32.204227503972035,1.0,64.40845500794407,1.0,-32.204227503972035,1.0,-0.0,0.0,0.0,0.0,0.0,0.0,1.28,1.97,0.08,0.0,0.0,0.0,0.0,1.0,10.0,0.0,0.0,0.0,0.0,1.0,0.0,1.0,0.0,1.0,-32.204227503972035,1.0,64.40845500794407,1.0,-32.204227503972035,1.0,-0.0,0.0,0.0,0.0,0.0,0.0,-1.85,1.06,0.08,0.0,0.0,0.0,0.0,0.0,0.0,0.0,0.0,0.0,0.0
0.0,0.0,-0.0286,-0.0001,-9.8,0.0,0.0,-0.0,0.0,0.0,0.0,0.0,0.0004,-0.1673,20.7802,0.0,0.0,0.0,0.0,0.0,1.0,0.0,0.0,0.0,1.0,10.0,0.0,0.0,0.0,0.0,1.0,0.0,1.0,0.0,1.0,-32.204227503972035,1.0,64.40845500794407,1.0,-32.204227503972035,1.0,-0.0,0.0,0.0,0.0,0.0,0.0,1.28,1.97,0.08,0.0,0.0,0.0,0.0,1.0,10.0,0.0,0.0,0.0,0.0,1.0,0.0,1.0,0.0,1.0,-32.204227503972035,1.0,64.40845500794407,1.0,-32.204227503972035,1.0,-0.0,0.0,0.0,0.0,0.0,0.0,-1.85,1.06,0.08,0.0,0.0,0.0,0.0,0.0,0.0,0.0,0.0,0.0,0.0
0.0,0.0,-0.0286,-0.0001,-9.8,0.0,0.0,-0.0,0.0,0.0,0.0,0.0,0.0004,-0.1673,20.7802,0.0,0.0,0.0,0.0,0.0,1.0,0.0,0.0,0.0,1.0,10.0,0.0,0.0,0.0,0.0,1.0,0.0,1.0,0.0,1.0,-32.204227503972035,1.0,64.40845500794407,1.0,-32.204227503972035,1.0,-0.0,0.0,0.0,0.0,0.0,0.0,1.28,1.97,0.08,0.0,0.0,0.0,0.0,1.0,10.0,0.0,0.0,0.0,0.0,1.0,0.0,1.0,0.0,1.0,-32.204227503972035,1.0,64.40845500794407,1.0,-32.204227503972035,1.0,-0.0,0.0,0.0,0.0,0.0,0.0,-1.85,1.06,0.08,0.0,0.0,0.0,0.0,0.0,0.0,0.0,0.0,0.0,0.0
0.0,0.0,-0.0286,-0.0001,-9.8,0.0,0.0,-0.0,0.0,0.0,0.0,0.0,0.0004,-0.1673,20.7802,0.0,0.0,0.0,0.0,0.0,1.0,0.0,0.0,0.0,1.0,10.0,0.0,0.0,0.0,0.0,1.0,0.0,1.0,0.0,1.0,-32.204227503972035,1.0,64.40845500794407,1.0,-32.204227503972035,1.0,-0.0,0.0,0.0,0.0,0.0,0.0,1.28,1.97,0.08,0.0,0.0,0.0,0.0,1.0,10.0,0.0,0.0,0.0,0.0,1.0,0.0,1.0,0.0,1.0,-32.204227503972035,1.0,64.40845500794407,1.0,-32.204227503972035,1.0,-0.0,0.0,0.0,0.0,0.0,0.0,-1.85,1.06,0.08,0.0,0.0,0.0,0.0,0.0,0.0,0.0,0.0,0.0,0.0
0.0,0.0,-0.0286,-0.0001,-9.8,0.0,0.0,-0.0,0.0,0.0,0.0,0.0,0.0004,-0.1673,20.7802,0.0,0.0,0.0,0.0,0.0,1.0,0.0,0.0,0.0,1.0,10.0,0.0,0.0,0.0,0.0,1.0,0.0,1.0,0.0,1.0,-32.204227503972035,1.0,64.40845500794407,1.0,-32.204227503972035,1.0,-0.0,0.0,0.0,0.0,0.0,0.0,1.28,1.97,0.08,0.0,0.0,0.0,0.0,1.0,10.0,0.0,0.0,0.0,0.0,1.0,0.0,1.0,0.0,1.0,-32.204227503972035,1.0,64.40845500794407,1.0,-32.204227503972035,1.0,-0.0,0.0,0.0,0.0,0.0,0.0,-1.85,1.06,0.08,0.0,0.0,0.0,0.0,0.0,0.0,0.0,0.0,0.0,0.0
0.0,0.0,-0.0286,-0.0001,-9.8,0.0,0.0,-0.0,0.0,0.0,0.0,0.0,0.0004,-0.1673,20.7802,0.0,0.0,0.0,0.0,0.0,1.0,0.0,0.0,0.0,1.0,10.0,0.0,0.0,0.0,0.0,1.0,0.0,1.0,0.0,1.0,-32.204227503972035,1.0,64.40845500794407,1.0,-32.204227503972035,1.0,-0.0,0.0,0.0,0.0,0.0,0.0,1.28,1.97,0.08,0.0,0.0,0.0,0.0,1.0,10.0,0.0,0.0,0.0,0.0,1.0,0.0,1.0,0.0,1.0,-32.204227503972035,1.0,64.40845500794407,1.0,-32.204227503972035,1.0,-0.0,0.0,0.0,0.0,0.0,0.0,-1.85,1.06,0.08,0.0,0.0,0.0,0.0,0.0,0.0,0.0,0.0,0.0,0.0
0.0,0.0,-0.0286,-0.0001,-9.8,0.0,0.0,-0.0,0.0,0.0,0.0,0.0,0.0004,-0.1673,20.7802,0.0,0.0,0.0,0.0,0.0,1.0,0.0,0.0,0.0,1.0,10.0,0.0,0.0,0.0,0.0,1.0,0.0,1.0,0.0,1.0,-32.204227503972035,1.0,64.40845500794407,1.0,-32.204227503972035,1.0,-0.0,0.0,0.0,0.0,0.0,0.0,1.28,1.97,0.08,0.0,0.0,0.0,0.0,1.0,10.0,0.0,0.0,0.0,0.0,1.0,0.0,1.0,0.0,1.0,-32.204227503972035,1.0,64.40845500794407,1.0,-32.204227503972035,1.0,-0.0,0.0,0.0,0.0,0.0,0.0,-1.85,1.06,0.08,0.0,0.0,0.0,0.0,0.0,0.0,0.0,0.0,0.0,0.0
0.0,0.0,-0.0286,-0.0001,-9.8,0.0,0.0,-0.0,0.0,0.0,0.0,0.0,0.0004,-0.1673,20.7802,0.0,0.0,0.0,0.0,0.0,1.0,0.0,0.0,0.0,1.0,10.0,0.0,0.0,0.0,0.0,1.0,0.0,1.0,0.0,1.0,-32.204227503972035,1.0,64.40845500794407,1.0,-32.204227503972035,1.0,-0.0,0.0,0.0,0.0,0.0,0.0,1.28,1.97,0.08,0.0,0.0,0.0,0.0,1.0,10.0,0.0,0.0,0.0,0.0,1.0,0.0,1.0,0.0,1.0,-32.204227503972035,1.0,64.40845500794407,1.0,-32.204227503972035,1.0,-0.0,0.0,0.0,0.0,0.0,0.0,-1.85,1.06,0.08,0.0,0.0,0.0,0.0,0.0,0.0,0.0,0.0,0.0,0.0
0.0,0.0,-0.0286,-0.0001,-9.8,0.0,0.0,-0.0,0.0,0.0,0.0,0.0,0.0004,-0.1673,20.7802,0.0,0.0,0.0,0.0,0.0,1.0,0.0,0.0,0.0,1.0,10.0,0.0,0.0,0.0,0.0,1.0,0.0,1.0,0.0,1.0,-32.204227503972035,1.0,64.40845500794407,1.0,-32.204227503972035,1.0,-0.0,0.0,0.0,0.0,0.0,0.0,1.28,1.97,0.08,0.0,0.0,0.0,0.0,1.0,10.0,0.0,0.0,0.0,0.0,1.0,0.0,1.0,0.0,1.0,-32.204227503972035,1.0,64.40845500794407,1.0,-32.204227503972035,1.0,-0.0,0.0,0.0,0.0,0.0,0.0,-1.85,1.06,0.08,0.0,0.0,0.0,0.0,0.0,0.0,0.0,0.0,0.0,0.0
0.0,0.0,-0.0286,-0.0001,-9.8,0.0,0.0,-0.0,0.0,0.0,0.0,0.0,0.0004,-0.1673,20.7802,0.0,0.0,0.0,0.0,0.0,1.0,0.0,0.0,0.0,1.0,10.0,0.0,0.0,0.0,0.0,1.0,0.0,1.0,0.0,1.0,-32.204227503972035,1.0,64.40845500794407,1.0,-32.204227503972035,1.0,-0.0,0.0,0.0,0.0,0.0,0.0,1.28,1.97,0.08,0.0,0.0,0.0,0.0,1.0,10.0,0.0,0.0,0.0,0.0,1.0,0.0,1.0,0.0,1.0,-32.204227503972035,1.0,64.40845500794407,1.0,-32.204227503972035,1.0,-0.0,0.0,0.0,0.0,0.0,0.0,-1.85,1.06,0.08,0.0,0.0,0.0,0.0,0.0,0.0,0.0,0.0,0.0,0.0
0.0,0.0,-0.0286,-0.0001,-9.8,0.0,0.0,-0.0,0.0,0.0,0.0,0.0,0.0004,-0.1673,20.7802,0.0,0.0,0.0,0.0,0.0,1.0,0.0,0.0,0.0,1.0,10.0,0.0,0.0,0.0,0.0,1.0,0.0,1.0,0.0,1.0,-32.204227503972035,1.0,64.40845500794407,1.0,-32.204227503972035,1.0,-0.0,0.0,0.0,0.0,0.0,0.0,1.28,1.97,0.08,0.0,0.0,0.0,0.0,1.0,10.0,0.0,0.0,0.0,0.0,1.0,0.0,1.0,0.0,1.0,-32.204227503972035,1.0,64.40845500794407,1.0,-32.204227503972035,1.0,-0.0,0.0,0.0,0.0,0.0,0.0,-1.85,1.06,0.08,0.0,0.0,0.0,0.0,0.0,0.0,0.0,0.0,0.0,0.0
0.0,0.0,-0.0286,-0.0001,-9.8,0.0,0.0,-0.0,0.0,0.0,0.0,0.0,0.0004,-0.1673,20.7802,0.0,0.0,0.0,0.0,0.0,1.0,0.0,0.0,0.0,1.0,10.0,0.0,0.0,0.0,0.0,1.0,0.0,1.0,-3.6654506228138786,1.0,-32.204227503972035,1.0,64.40845500794407,1.0,-32.204227503972035,1.0,3.6654506228138786,0.0,0.0,0.0,0.0,0.0,1.28,1.97,0.08,0.0,0.0,0.0,0.0,1.0,10.0,0.0,0.0,0.0,0.0,1.0,0.0,1.0,3.6654506228138786,1.0,-32.204227503972035,1.0,64.40845500794407,1.0,-32.204227503972035,1.0,-3.6654506228138786,0.0,0.0,0.0,0.0,0.0,-1.85,1.06,0.08,0.0,0.0,0.0,0.0,0.0,0.0,0.0,0.0,0.0,0.0
0.0,0.0,-0.0286,-0.0092,-9.8,-0.822,2.1185,0.1854,0.0,0.0,0.0,0.0,0.0538,-0.1675,20.7802,0.0,0.0,0.0,0.0,0.0,1.0,0.0,0.0,0.0,1.0,10.0,0.0,0.0,0.0,0.0,1.0,0.0,1.0,-3.9997303745058774,1.0,-32.204227503972035,1.0,64.40845500794407,1.0,-32.204227503972035,1.0,3.9997303745058774,0.0,0.0,0.0,0.0,0.0,1.33,1.85,0.1,0.0,0.0,0.0,0.0,1.0,10.0,0.0,0.0,0.0,0.0,1.0,0.0,1.0,3.9997303745058774,1.0,-32.204227503972035,1.0,64.40845500794407,1.0,-32.204227503972035,1.0,-3.9997303745058774,0.0,0.0,0.0,0.0,0.0,-1.81,0.95,0.08,0.0,0.0,0.0,0.0,0.0,0.0,0.0,0.0,0.0,0.0
0.0,0.0,-0.0289,-0.0397,-9.7999,-1.6907,4.3778,0.4199,0.0,0.0,0.0,0.0,0.2321,-0.169,20.7801,0.0,0.0,0.0,0.0,0.0,1.0,0.0,0.0,0.0,1.0,10.0,0.0,0.0,0.0,0.0,1.0,0.0,1.0,-4.588528302051373,1.0,-32.204227503972035,1.0,64.40845500794407,1.0,-32.204227503972035,1.0,4.588528302051373,0.0,0.0,0.0,0.0,0.0,1.51,1.39,0.17,0.0,0.0,0.0,0.0,1.0,10.0,0.0,0.0,0.0,0.0,1.0,0.0,1.0,4.588528302051373,1.0,-32.204227503972035,1.0,64.40845500794407,1.0,-32.204227503972035,1.0,-4.588528302051373,0.0,0.0,0.0,0.0,0.0,-1.65,0.56,0.09,0.0,0.0,0.0,0.0,0.0,0.0,0.0,0.0,0.0,0.0
0.0,0.0,-0.0294,-0.0833,-9.7996,-2.4443,6.3622,0.5989,0.0,0.0,0.0,0.0,0.4871,-0.1721,20.7796,0.0,0.0,0.0,0.0,0.0,1.0,0.0,0.0,0.0,1.0,10.0,0.0,0.0,0.0,0.0,1.0,0.0,1.0,-4.840527588413389,1.0,-32.204227503972035,1.0,64.40845500794407,1.0,-32.204227503972035,1.0,4.840527588413389,0.0,0.0,0.0,0.0,0.0,1.81,0.64,0.3,0.0,0.0,0.0,0.0,1.0,10.0,0.0,0.0,0.0,0.0,1.0,0.0,1.0,4.840527588413389,1.0,-32.204227503972035,1.0,64.40845500794407,1.0,-32.204227503972035,1.0,-4.840527588413389,0.0,0.0,0.0,0.0,0.0,-1.4,-0.08,0.1,0.0,0.0,0.0,0.0,0.0,0.0,0.0,0.0,0.0,0.0
0.0,0.0,-0.0302,-0.1339,-9.799,-3.122,8.1546,0.6915,0.0,0.0,0.0,0.0,0.7831,-0.1764,20.7788,0.0,0.0,0.0,0.0,0.0,1.0,0.0,0.0,0.0,1.0,10.0,0.0,0.0,0.0,0.0,1.0,0.0,1.0,-5.086817486120365,1.0,-32.204227503972035,1.0,64.40845500794407,1.0,-32.204227503972035,1.0,5.086817486120365,0.0,0.0,0.0,0.0,0.0,2.23,-0.39,0.48,0.0,0.0,0.0,0.0,1.0,10.0,0.0,0.0,0.0,0.0,1.0,0.0,1.0,5.086817486120365,1.0,-32.204227503972035,1.0,64.40845500794407,1.0,-32.204227503972035,1.0,-5.086817486120365,0.0,0.0,0.0,0.0,0.0,-1.07,-0.94,0.12,0.0,0.0,0.0,0.0,0.0,0.0,0.0,0.0,0.0,0.0
0.0,0.0,-0.031,-0.1875,-9.7982,-3.7417,9.7795,0.6729,0.0,0.0,0.0,0.0,1.096,-0.1813,20.7782,0.0,0.0,0.0,0.0,0.0,1.0,0.0,0.0,0.0,1.0,10.0,0.0,0.0,0.0,0.0,1.0,0.0,1.0,-5.308460011788283,1.0,-32.204227503972035,1.0,64.40845500794407,1.0,-32.204227503972035,1.0,5.308460011788283,0.0,0.0,0.0,0.0,0.0,2.74,-1.65,0.68,0.0,0.0,0.0,0.0,1.0,10.0,0.0,0.0,0.0,0.0,1.0,0.0,1.0,5.308460011788283,1.0,-32.204227503972035,1.0,64.40845500794407,1.0,-32.204227503972035,1.0,-5.308460011788283,0.0,0.0,0.0,0.0,0.0,-0.67,-1.99,0.15,0.0,0.0,0.0,0.0,0.0,0.0,0.0,0.0,0.0,0.0
0.0,0.0,-0.0325,-0.2396,-9.797,-4.2851,11.1615,0.5335,0.0,0.0,0.0,0.0,1.4013,-0.1899,20.7805,0.0,0.0,0.0,0.0,0.0,1.0,0.0,0.0,0.0,1.0,10.0,0.0,0.0,0.0,0.0,1.0,0.0,1.0,-5.501933832847735,1.0,-32.204227503972035,1.0,64.40845500794407,1.0,-32.204227503972035,1.0,5.501933832847735,0.0,0.0,0.0,0.0,0.0,3.4,-3.17,0.9,0.0,0.0,0.0,0.0,1.0,10.0,0.0,0.0,0.0,0.0,1.0,0.0,1.0,5.501933832847735,1.0,-32.204227503972035,1.0,64.40845500794407,1.0,-32.204227503972035,1.0,-5.501933832847735,0.0,0.0,0.0,0.0,0.0,-0.19,-3.23,0.18,0.0,0.0,0.0,0.0,0.0,0.0,0.0,0.0,0.0,0.0
0.0,0.0,-0.0345,-0.2848,-9.7958,-4.6229,11.989,0.3383,0.0,0.0,0.0,0.0,1.6651,-0.2015,20.7839,0.0,0.0,0.0,0.0,0.0,1.0,0.0,0.0,0.0,1.0,10.0,0.0,0.0,0.0,0.0,1.0,0.0,1.0,-5.6741224259069645,1.0,-32.204227503972035,1.0,64.40845500794407,1.0,-32.204227503972035,1.0,5.6741224259069645,0.0,0.0,0.0,0.0,0.0,4.1,-4.72,1.1,0.0,0.0,0.0,0.0,1.0,10.0,0.0,0.0,0.0,0.0,1.0,0.0,1.0,5.6741224259069645,1.0,-32.204227503972035,1.0,64.40845500794407,1.0,-32.204227503972035,1.0,-5.6741224259069645,0.0,0.0,0.0,0.0,0.0,0.35,-4.6,0.22,0.0,0.0,0.0,0.0,0.0,0.0,0.0,0.0,0.0,0.0
0.0,0.0,-0.0367,-0.3139,-9.7949,-4.7449,12.2281,0.1135,0.0,0.0,0.0,0.0,1.8356,-0.2143,20.7882,0.0,0.0,0.0,0.0,0.0,1.0,0.0,0.0,0.0,1.0,10.0,0.0,0.0,0.0,0.0,1.0,0.0,1.0,-5.825901625520095,1.0,-32.204227503972035,1.0,64.40845500794407,1.0,-32.204227503972035,1.0,5.825901625520095,0.0,0.0,0.0,0.0,0.0,4.76,-6.15,1.25,0.0,0.0,0.0,0.0,1.0,10.0,0.0,0.0,0.0,0.0,1.0,0.0,1.0,5.825901625520095,1.0,-32.204227503972035,1.0,64.40845500794407,1.0,-32.204227503972035,1.0,-5.825901625520095,0.0,0.0,0.0,0.0,0.0,0.92,-6.07,0.28,0.0,0.0,0.0,0.0,0.0,0.0,0.0,0.0,0.0,0.0
0.0,0.0,-0.0388,-0.3211,-9.7947,-4.7393,12.124,-0.1243,0.0,0.0,0.0,0.0,1.8779,-0.2268,20.7933,0.0,0.0,0.0,0.0,0.0,1.0,0.0,0.0,0.0,1.0,10.0,0.0,0.0,0.0,0.0,1.0,0.0,1.0,-5.946019489245556,1.0,-32.204227503972035,1.0,64.40845500794407,1.0,-32.204227503972035,1.0,5.946019489245556,0.0,0.0,0.0,0.0,0.0,5.34,-7.44,1.34,0.0,0.0,0.0,0.0,1.0,10.0,0.0,0.0,0.0,0.0,1.0,0.0,1.0,5.946019489245556,1.0,-32.204227503972035,1.0,64.40845500794407,1.0,-32.204227503972035,1.0,-5.946019489245556,0.0,0.0,0.0,0.0,0.0,1.51,-7.58,0.35,0.0,0.0,0.0,0.0,0.0,0.0,0.0,0.0,0.0,0.0
0.0,0.0,-0.0409,-0.3018,-9.7953,-4.6791,11.8683,-0.649,0.0,0.0,0.0,0.0,1.7649,-0.2394,20.7994,0.0,0.0,0.0,0.0,0.0,1.0,0.0,0.0,0.0,1.0,10.0,0.0,0.0,0.0,0.0,1.0,0.0,1.0,-6.04432672993789,1.0,-32.204227503972035,1.0,64.40845500794407,1.0,-32.204227503972035,1.0,6.04432672993789,0.0,0.0,0.0,0.0,0.0,5.94,-8.81,1.34,0.0,0.0,0.0,0.0,1.0,10.0,0.0,0.0,0.0,0.0,1.0,0.0,1.0,6.04432672993789,1.0,-32.204227503972035,1.0,64.40845500794407,1.0,-32.204227503972035,1.0,-6.04432672993789,0.0,0.0,0.0,0.0,0.0,2.2,-9.33,0.44,0.0,0.0,0.0,0.0,0.0,0.0,0.0,0.0,0.0,0.0
0.0,0.0,-0.0424,-0.2616,-9.7964,-4.767,12.0407,-1.5577,0.0,0.0,0.0,0.0,1.5294,-0.2479,20.8041,0.0,0.0,0.0,0.0,0.0,1.0,0.0,0.0,0.0,1.0,10.0,0.0,0.0,0.0,0.0,1.0,0.0,1.0,-6.1187143923981795,1.0,-32.204227503972035,1.0,64.40845500794407,1.0,-32.204227503972035,1.0,6.1187143923981795,0.0,0.0,0.0,0.0,0.0,6.5,-10.16,1.2,0.0,0.0,0.0,0.0,1.0,10.0,0.0,0.0,0.0,0.0,1.0,0.0,1.0,6.1187143923981795,1.0,-32.204227503972035,1.0,64.40845500794407,1.0,-32.204227503972035,1.0,-6.1187143923981795,0.0,0.0,0.0,0.0,0.0,2.88,-11.05,0.46,0.0,0.0,0.0,0.0,0.0,0.0,0.0,0.0,0.0,0.0
0.0,0.0,-0.0433,-0.2188,-9.7975,-4.9107,12.4099,-2.4086,0.0,0.0,0.0,0.0,1.2795,-0.2529,20.8071,0.0,0.0,0.0,0.0,0.0,1.0,0.0,0.0,0.0,1.0,10.0,0.0,0.0,0.0,0.0,1.0,0.0,1.0,-6.165393589719461,1.0,-32.204227503972035,1.0,64.40845500794407,1.0,-32.204227503972035,1.0,6.165393589719461,0.0,0.0,0.0,0.0,0.0,7.01,-11.44,0.96,0.0,0.0,0.0,0.0,1.0,10.0,0.0,0.0,0.0,0.0,1.0,0.0,1.0,6.165393589719461,1.0,-32.204227503972035,1.0,64.40845500794407,1.0,-32.204227503972035,1.0,-6.165393589719461,0.0,0.0,0.0,0.0,0.0,3.48,-12.57,0.39,0.0,0.0,0.0,0.0,0.0,0.0,0.0,0.0,0.0,0.0
0.0,0.0,-0.0441,-0.1706,-9.7984,-4.838,12.4903,-2.6925,0.0,0.0,0.0,0.0,0.9973,-0.2581,20.8093,0.0,0.0,0.0,0.0,0.0,1.0,0.0,0.0,0.0,1.0,10.0,0.0,0.0,0.0,0.0,1.0,0.0,1.0,-6.187881344097019,1.0,-32.204227503972035,1.0,64.40845500794407,1.0,-32.204227503972035,1.0,6.187881344097019,0.0,0.0,0.0,0.0,0.0,7.55,-12.81,0.64,0.0,0.0,0.0,0.0,1.0,10.0,0.0,0.0,0.0,0.0,1.0,0.0,1.0,6.187881344097019,1.0,-32.204227503972035,1.0,64.40845500794407,1.0,-32.204227503972035,1.0,-6.187881344097019,0.0,0.0,0.0,0.0,0.0,4.07,-14.09,0.25,0.0,0.0,0.0,0.0,0.0,0.0,0.0,0.0,0.0,0.0
0.0,0.0,-0.0458,-0.1253,-9.7991,-4.4845,12.2483,-2.4807,0.0,0.0,0.0,0.0,0.7329,-0.2677,20.8093,0.0,0.0,0.0,0.0,0.0,1.0,0.0,0.0,0.0,1.0,10.0,0.0,0.0,0.0,0.0,1.0,0.0,1.0,-7.686572711649775,1.0,-31.711412156725018,1.0,64.40181483179236,1.0,-32.69040267506735,1.0,7.686572711649775,0.0,0.0,0.0,0.0,0.0,8.01,-14.01,0.4,0.0,0.0,0.0,0.0,1.0,10.0,0.0,0.0,0.0,0.0,1.0,0.0,1.0,8.764429142679182,1.0,-42.94140663240297,1.0,84.76134406381304,1.0,-41.81993743141007,1.0,-8.764429142679182,0.0,0.0,0.0,0.0,0.0,4.57,-15.39,0.16,0.0,0.0,0.0,0.0,0.0,0.0,0.0,0.0,0.0,0.0
0.0,0.0,-0.0468,-0.0825,-9.7995,-4.34,12.7068,-2.6695,0.0,0.0,0.0,0.0,0.4825,-0.2734,20.8033,0.0,0.0,0.0,0.0,0.0,1.0,0.0,0.0,0.0,1.0,10.0,0.0,0.0,0.0,0.0,1.0,0.0,1.0,-7.648757696762761,1.0,-31.0305050854471,1.0,64.37145799379283,1.0,-33.340952908345734,1.0,7.648757696762761,0.0,0.0,0.0,0.0,0.0,8.45,-15.23,0.17,0.0,0.0,0.0,0.0,1.0,10.0,0.0,0.0,0.0,0.0,1.0,0.0,1.0,8.712049396629133,1.0,-43.61626595443724,1.0,84.58896883153882,1.0,-40.972702877101575,1.0,-8.712049396629133,0.0,0.0,0.0,0.0,0.0,5.04,-16.66,0.15,0.0,0.0,0.0,0.0,0.0,0.0,0.0,0.0,0.0,0.0
0.0,0.0,-0.0481,-0.0525,-9.7997,-3.7864,13.287,-2.3178,0.0,0.0,0.0,0.0,0.3068,-0.2814,20.7822,0.0,0.0,0.0,0.0,0.0,1.0,0.0,0.0,0.0,1.0,10.0,0.0,0.0,0.0,0.0,1.0,0.0,1.0,-7.57584996044959,1.0,-30.30543575782422,1.0,64.31338201237376,1.0,-34.007946254549545,1.0,7.57584996044959,0.0,0.0,0.0,0.0,0.0,8.86,-16.53,0.01,0.0,0.0,0.0,0.0,1.0,10.0,0.0,0.0,0.0,0.0,1.0,0.0,1.0,8.611386825623345,1.0,-44.241858305460354,1.0,84.25702189456194,1.0,-40.0151635891016,1.0,-8.611386825623345,0.0,0.0,0.0,0.0,0.0,5.57,-18.02,0.33,0.0,0.0,0.0,0.0,0.0,0.0,0.0,0.0,0.0,0.0
0.0,0.0,-0.055,-0.0287,-9.7998,-2.5658,13.4663,-1.8265,0.0,0.0,0.0,0.0,0.1679,-0.3217,20.7455,0.0,0.0,0.0,0.0,0.0,1.0,0.0,0.0,0.0,1.0,10.0,0.0,0.0,0.0,0.0,1.0,0.0,1.0,-7.471796582118421,1.0,-29.5915112002936,1.0,64.23152602800468,1.0,-34.640014827711084,1.0,7.471796582118421,0.0,0.0,0.0,0.0,0.0,9.23,-18.14,-0.08,0.0,0.0,0.0,0.0,1.0,10.0,0.0,0.0,0.0,0.0,1.0,0.0,1.0,8.468461101045369,1.0,-44.764420983019136,1.0,83.78415441117339,1.0,-39.019733428154254,1.0,-8.468461101045369,0.0,0.0,0.0,0.0,0.0,6.32,-19.67,0.77,0.0,0.0,0.0,0.0,0.0,0.0,0.0,0.0,0.0,0.0
0.0,0.0,-0.0727,-0.0068,-9.7997,-0.9827,12.9397,-1.273,0.0,0.0,0.0,0.0,0.04,-0.4253,20.722,0.0,0.0,0.0,0.0,0.0,1.0,0.0,0.0,0.0,1.0,10.0,0.0,0.0,0.0,0.0,1.0,0.0,1.0,-7.334839277669038,1.0,-28.873252701021656,1.0,64.12562572889495,1.0,-35.2523730278733,1.0,7.334839277669038,0.0,0.0,0.0,0.0,0.0,9.44,-19.73,-0.09,0.0,0.0,0.0,0.0,1.0,10.0,0.0,0.0,0.0,0.0,1.0,0.0,1.0,8.28165184105894,1.0,-45.19582848029964,1.0,83.16330431597666,1.0,-37.96747583567702,1.0,-8.28165184105894,0.0,0.0,0.0,0.0,0.0,7.51,-21.18,1.38,0.0,0.0,0.0,0.0,0.0,0.0,0.0,0.0,0.0,0.0
0.0,0.0,-0.0988,0.0199,-9.7995,0.8172,12.0101,-0.6074,0.0,0.0,0.0,0.0,-0.1162,-0.5776,20.7163,0.0,0.0,0.0,0.0,0.0,1.0,0.0,0.0,0.0,1.0,10.0,0.0,0.0,0.0,0.0,1.0,0.0,1.0,-7.171829661966186,1.0,-28.18163495455052,1.0,64.00229698196611,1.0,-35.820662027415594,1.0,7.171829661966186,0.0,0.0,0.0,0.0,0.0,9.47,-21.24,-0.05,0.0,0.0,0.0,0.0,1.0,10.0,0.0,0.0,0.0,0.0,1.0,0.0,1.0,8.061228425837399,1.0,-45.519955482518,1.0,82.42657835655356,1.0,-36.906622874035556,1.0,-8.061228425837399,0.0,0.0,0.0,0.0,0.0,9.05,-22.38,2.13,0.0,0.0,0.0,0.0,0.0,0.0,0.0,0.0,0.0,0.0
0.0,0.0,-0.1309,0.0532,-9.799,2.5378,10.9643,-0.0425,0.0,0.0,0.0,0.0,-0.3108,-0.7653,20.7248,0.0,0.0,0.0,0.0,0.0,1.0,0.0,0.0,0.0,1.0,10.0,0.0,0.0,0.0,0.0,1.0,0.0,1.0,-6.981614726890196,1.0,-27.504684671690526,1.0,63.86210128091164,1.0,-36.35741660922111,1.0,6.981614726890196,0.0,0.0,0.0,0.0,0.0,9.3,-22.62,0.04,0.0,0.0,0.0,0.0,1.0,10.0,0.0,0.0,0.0,0.0,1.0,0.0,1.0,7.8066184887006465,1.0,-45.747565992665116,1.0,81.56983936039987,1.0,-35.822273367734745,1.0,-7.8066184887006465,0.0,0.0,0.0,0.0,0.0,10.78,-23.1,2.99,0.0,0.0,0.0,0.0,0.0,0.0,0.0,0.0,0.0,0.0
0.0,0.0,-0.1637,0.0913,-9.7982,4.0585,9.7539,0.7166,0.0,0.0,0.0,0.0,-0.5337,-0.957,20.7448,0.0,0.0,0.0,0.0,0.0,1.0,0.0,0.0,0.0,1.0,10.0,0.0,0.0,0.0,0.0,1.0,0.0,1.0,-6.7582051813424835,1.0,-26.82445050364811,1.0,63.70252506318975,1.0,-36.87807455954164,1.0,6.7582051813424835,0.0,0.0,0.0,0.0,0.0,8.92,-23.87,0.16,0.0,0.0,0.0,0.0,1.0,10.0,0.0,0.0,0.0,0.0,1.0,0.0,1.0,7.51109073930924,1.0,-45.88271660707648,1.0,80.56745967408888,1.0,-34.68474306701239,1.0,-7.51109073930924,0.0,0.0,0.0,0.0,0.0,12.54,-23.41,3.91,0.0,0.0,0.0,0.0,0.0,0.0,0.0,0.0,0.0,0.0
0.0,0.0,-0.1637,0.0913,-9.7982,4.0585,9.7539,0.7166,0.0,0.0,0.0,0.0,-0.5337,-0.957,20.7448,0.0,0.0,0.0,0.0,0.0,1.0,0.0,0.0,0.0,1.0,10.0,0.0,0.0,0.0,0.0,1.0,0.0,1.0,-6.7582051813424835,1.0,-26.82445050364811,1.0,63.70252506318975,1.0,-36.87807455954164,1.0,6.7582051813424835,0.0,0.0,0.0,0.0,0.0,8.92,-23.87,0.16,0.0,0.0,0.0,0.0,1.0,10.0,0.0,0.0,0.0,0.0,1.0,0.0,1.0,7.51109073930924,1.0,-45.88271660707648,1.0,80.56745967408888,1.0,-34.68474306701239,1.0,-7.51109073930924,0.0,0.0,0.0,0.0,0.0,12.54,-23.41,3.91,0.0,0.0,0.0,0.0,0.0,0.0,0.0,0.0,0.0,0.0
0.0,0.0,-0.1883,0.1276,-9.7974,5.131,8.6532,1.434,0.0,0.0,0.0,0.0,-0.7463,-1.101,20.7717,0.0,0.0,0.0,0.0,0.0,1.0,0.0,0.0,0.0,1.0,10.0,0.0,0.0,0.0,0.0,1.0,0.0,1.0,-6.516724359376507,1.0,-26.18567971965187,1.0,63.536185066923444,1.0,-37.35050534727158,1.0,6.516724359376507,0.0,0.0,0.0,0.0,0.0,8.46,-24.8,0.3,0.0,0.0,0.0,0.0,1.0,10.0,0.0,0.0,0.0,0.0,1.0,0.0,1.0,7.195841984636364,1.0,-45.91893807706567,1.0,79.48846651573086,1.0,-33.5695284386652,1.0,-7.195841984636364,0.0,0.0,0.0,0.0,0.0,13.88,-23.51,4.78,0.0,0.0,0.0,0.0,0.0,0.0,0.0,0.0,0.0,0.0
0.0,0.0,-0.2131,0.1801,-9.796,6.3618,7.1844,2.258,0.0,0.0,0.0,0.0,-1.0531,-1.2462,20.8143,0.0,0.0,0.0,0.0,0.0,1.0,0.0,0.0,0.0,1.0,10.0,0.0,0.0,0.0,0.0,1.0,0.0,1.0,-6.24330367903435,1.0,-25.550728062621868,1.0,63.35550364817453,1.0,-37.80477558555266,1.0,6.24330367903435,0.0,0.0,0.0,0.0,0.0,7.67,-25.84,0.53,0.0,0.0,0.0,0.0,1.0,10.0,0.0,0.0,0.0,0.0,1.0,0.0,1.0,6.844023073383939,1.0,-45.86099984361642,1.0,78.27204687908569,1.0,-32.41104703546927,1.0,-6.844023073383939,0.0,0.0,0.0,0.0,0.0,15.29,-23.47,6.0,0.0,0.0,0.0,0.0,0.0,0.0,0.0,0.0,0.0,0.0
0.0,0.0,-0.226,0.2284,-9.7947,7.2125,6.0579,2.5799,0.0,0.0,0.0,0.0,-1.3356,-1.3213,20.85,0.0,0.0,0.0,0.0,0.0,1.0,0.0,0.0,0.0,1.0,10.0,0.0,0.0,0.0,0.0,1.0,0.0,1.0,-5.945130798384187,1.0,-24.939943833423342,1.0,63.16768122725308,1.0,-38.227737393829734,1.0,5.945130798384187,0.0,0.0,0.0,0.0,0.0,6.85,-26.58,0.77,0.0,0.0,0.0,0.0,1.0,10.0,0.0,0.0,0.0,0.0,1.0,0.0,1.0,6.466402861244255,1.0,-45.70825550815404,1.0,76.95151323027133,1.0,-31.243257722117296,1.0,-6.466402861244255,0.0,0.0,0.0,0.0,0.0,16.19,-23.38,7.12,0.0,0.0,0.0,0.0,0.0,0.0,0.0,0.0,0.0,0.0
0.0,0.0,-0.23,0.2834,-9.7932,8.1048,4.8286,2.8403,0.0,0.0,0.0,0.0,-1.6576,-1.345,20.8806,0.0,0.0,0.0,0.0,0.0,1.0,0.0,0.0,0.0,1.0,10.0,0.0,0.0,0.0,0.0,1.0,0.0,1.0,-5.613478560818365,1.0,-24.33949516957056,1.0,62.96999123853788,1.0,-38.63049606896732,1.0,5.613478560818365,0.0,0.0,0.0,0.0,0.0,5.76,-27.27,1.05,0.0,0.0,0.0,0.0,1.0,10.0,0.0,0.0,0.0,0.0,1.0,0.0,1.0,6.053582654662017,1.0,-45.454106506868484,1.0,75.4895630284355,1.0,-30.03545652156701,1.0,-6.053582654662017,0.0,0.0,0.0,0.0,0.0,16.84,-23.17,8.41,0.0,0.0,0.0,0.0,0.0,0.0,0.0,0.0,0.0,0.0
0.0,0.0,-0.2252,0.3299,-9.7919,8.7883,4.0309,2.8657,0.0,0.0,0.0,0.0,-1.9293,-1.3167,20.8953,0.0,0.0,0.0,0.0,0.0,1.0,0.0,0.0,0.0,1.0,10.0,0.0,0.0,0.0,0.0,1.0,0.0,1.0,-5.261028673896064,1.0,-23.7754031187006,1.0,62.77277126473365,1.0,-38.997368146033054,1.0,5.261028673896064,0.0,0.0,0.0,0.0,0.0,4.7,-27.75,1.29,0.0,0.0,0.0,0.0,1.0,10.0,0.0,0.0,0.0,0.0,1.0,0.0,1.0,5.622922535808431,1.0,-45.10751771178217,1.0,73.94325916820014,1.0,-28.835741456417967,1.0,-5.622922535808431,0.0,0.0,0.0,0.0,0.0,17.11,-22.87,9.53,0.0,0.0,0.0,0.0,0.0,0.0,0.0,0.0,0.0,0.0
0.0,0.0,-0.2151,0.3777,-9.7904,9.3853,3.1987,2.8254,0.0,0.0,0.0,0.0,-2.2092,-1.2575,20.8966,0.0,0.0,0.0,0.0,0.0,1.0,0.0,0.0,0.0,1.0,10.0,0.0,0.0,0.0,0.0,1.0,0.0,1.0,-4.891631239869703,1.0,-23.25246125941697,1.0,62.58020351029981,1.0,-39.32774225088284,1.0,4.891631239869703,0.0,0.0,0.0,0.0,0.0,3.4,-28.2,1.54,0.0,0.0,0.0,0.0,1.0,10.0,0.0,0.0,0.0,0.0,1.0,0.0,1.0,5.180147547322824,1.0,-44.67626062229072,1.0,72.330061263573,1.0,-27.65380064128228,1.0,-5.180147547322824,0.0,0.0,0.0,0.0,0.0,17.58,-22.35,10.64,0.0,0.0,0.0,0.0,0.0,0.0,0.0,0.0,0.0,0.0
0.0,0.0,-0.1994,0.4211,-9.7889,9.7533,2.4201,2.5299,0.0,0.0,0.0,0.0,-2.4634,-1.1658,20.8831,0.0,0.0,0.0,0.0,0.0,1.0,0.0,0.0,0.0,1.0,10.0,0.0,0.0,0.0,0.0,1.0,0.0,1.0,-4.058086424447987,1.0,-22.281317478968774,1.0,62.19836237822165,1.0,-39.91704489925288,1.0,4.058086424447987,0.0,0.0,0.0,0.0,0.0,2.03,-28.54,1.76,0.0,0.0,0.0,0.0,1.0,10.0,0.0,0.0,0.0,0.0,1.0,0.0,1.0,4.211680223838264,1.0,-43.506416957129055,1.0,68.7148484672469,1.0,-25.208431510117844,1.0,-4.211680223838264,0.0,0.0,0.0,0.0,0.0,18.7,-21.51,11.31,0.0,0.0,0.0,0.0,0.0,0.0,0.0,0.0,0.0,0.0
0.0,0.0,-0.1801,0.4561,-9.7877,10.4069,1.5412,2.4853,0.0,0.0,0.0,0.0,-2.6679,-1.0532,20.8684,0.0,0.0,0.0,0.0,0.0,1.0,0.0,0.0,0.0,1.0,10.0,0.0,0.0,0.0,0.0,1.0,0.0,1.0,-4.058086424447987,1.0,-22.281317478968774,1.0,62.19836237822165,1.0,-39.91704489925288,1.0,4.058086424447987,0.0,0.0,0.0,0.0,0.0,0.77,-28.76,1.93,0.0,0.0,0.0,0.0,1.0,10.0,0.0,0.0,0.0,0.0,1.0,0.0,1.0,4.211680223838264,1.0,-43.506416957129055,1.0,68.7148484672469,1.0,-25.208431510117844,1.0,-4.211680223838264,0.0,0.0,0.0,0.0,0.0,19.94,-20.48,11.62,0.0,0.0,0.0,0.0,0.0,0.0,0.0,0.0,0.0,0.0
0.0,0.0,-0.1631,0.493,-9.7862,11.0071,0.7094,2.4091,0.0,0.0,0.0,0.0,-2.884,-0.9533,20.8684,0.0,0.0,0.0,0.0,0.0,1.0,0.0,0.0,0.0,1.0,10.0,0.0,0.0,0.0,0.0,1.0,0.0,1.0,-3.1403592983601265,1.0,-21.48307631234536,1.0,61.86153635629107,1.0,-40.3784600439457,1.0,3.1403592983601265,0.0,0.0,0.0,0.0,0.0,-0.57,-28.85,2.11,0.0,0.0,0.0,0.0,1.0,10.0,0.0,0.0,0.0,0.0,1.0,0.0,1.0,3.191026336166748,1.0,-41.98269951065124,1.0,64.76923962314481,1.0,-22.786540112493583,1.0,-3.191026336166748,0.0,0.0,0.0,0.0,0.0,20.83,-19.37,11.68,0.0,0.0,0.0,0.0,0.0,0.0,0.0,0.0,0.0,0.0
0.0,0.0,-0.147,0.5301,-9.7845,11.4624,-0.274,2.5711,0.0,0.0,0.0,0.0,-3.1014,-0.8595,20.8837,0.0,0.0,0.0,0.0,0.0,1.0,0.0,0.0,0.0,1.0,10.0,0.0,0.0,0.0,0.0,1.0,0.0,1.0,-2.6565898754817967,1.0,-21.158798595002317,1.0,61.718918474436016,1.0,-40.56011987943369,1.0,2.6565898754817967,0.0,0.0,0.0,0.0,0.0,-1.94,-28.82,2.28,0.0,0.0,0.0,0.0,1.0,10.0,0.0,0.0,0.0,0.0,1.0,0.0,1.0,2.670737732924662,1.0,-41.102723793743465,1.0,62.70241454817529,1.0,-21.599690754431816,1.0,-2.670737732924662,0.0,0.0,0.0,0.0,0.0,21.12,-18.41,11.53,0.0,0.0,0.0,0.0,0.0,0.0,0.0,0.0,0.0,0.0
0.0,0.0,-0.1315,0.569,-9.7826,11.6746,-1.3073,2.7392,0.0,0.0,0.0,0.0,-3.3289,-0.7686,20.9041,0.0,0.0,0.0,0.0,0.0,1.0,0.0,0.0,0.0,1.0,10.0,0.0,0.0,0.0,0.0,1.0,0.0,1.0,-2.6565898754817967,1.0,-21.158798595002317,1.0,61.718918474436016,1.0,-40.56011987943369,1.0,2.6565898754817967,0.0,0.0,0.0,0.0,0.0,-3.34,-28.66,2.46,0.0,0.0,0.0,0.0,1.0,10.0,0.0,0.0,0.0,0.0,1.0,0.0,1.0,2.670737732924662,1.0,-41.102723793743465,1.0,62.70241454817529,1.0,-21.599690754431816,1.0,-2.670737732924662,0.0,0.0,0.0,0.0,0.0,20.87,-17.67,11.26,0.0,0.0,0.0,0.0,0.0,0.0,0.0,0.0,0.0,0.0
0.0,0.0,-0.1117,0.6045,-9.7807,11.3588,-2.0189,2.4227,0.0,0.0,0.0,0.0,-3.5365,-0.6528,20.9191,0.0,0.0,0.0,0.0,0.0,1.0,0.0,0.0,0.0,1.0,10.0,0.0,0.0,0.0,0.0,1.0,0.0,1.0,-1.6705520489461276,1.0,-20.680036876860353,1.0,61.50234754788445,1.0,-40.82231067102409,1.0,1.6705520489461276,0.0,0.0,0.0,0.0,0.0,-4.75,-28.39,2.63,0.0,0.0,0.0,0.0,1.0,10.0,0.0,0.0,0.0,0.0,1.0,0.0,1.0,1.6705520489461276,1.0,-40.82231067102409,1.0,61.50234754788445,1.0,-20.680036876860353,1.0,-1.6705520489461276,0.0,0.0,0.0,0.0,0.0,20.15,-17.11,10.87,0.0,0.0,0.0,0.0,0.0,0.0,0.0,0.0,0.0,0.0
0.0,0.0,-0.081,0.6375,-9.7789,10.9608,-3.1506,2.3652,0.0,0.0,0.0,0.0,-3.7301,-0.4736,20.9247,0.0,0.0,0.0,0.0,0.0,1.0,0.0,0.0,0.0,1.0,10.0,0.0,0.0,0.0,0.0,1.0,0.0,1.0,-1.1989026982721172,1.0,-20.531593749818136,1.0,61.433756413837735,1.0,-40.9021626640196,1.0,1.1989026982721172,0.0,0.0,0.0,0.0,0.0,-6.31,-27.99,2.78,0.0,0.0,0.0,0.0,1.0,10.0,0.0,0.0,0.0,0.0,1.0,0.0,1.0,1.1989026982721172,1.0,-40.9021626640196,1.0,61.433756413837735,1.0,-20.531593749818136,1.0,-1.1989026982721172,0.0,0.0,0.0,0.0,0.0,18.82,-16.67,10.28,0.0,0.0,0.0,0.0,0.0,0.0,0.0,0.0,0.0,0.0
0.0,0.0,-0.0489,0.6654,-9.7773,10.5971,-4.4463,2.5706,0.0,0.0,0.0,0.0,-3.8935,-0.2857,20.9186,0.0,0.0,0.0,0.0,0.0,1.0,0.0,0.0,0.0,1.0,10.0,0.0,0.0,0.0,0.0,1.0,0.0,1.0,-0.693725420894698,1.0,-20.427661617214294,1.0,61.38532911522216,1.0,-40.957667498007865,1.0,0.693725420894698,0.0,0.0,0.0,0.0,0.0,-7.65,-27.5,2.9,0.0,0.0,0.0,0.0,1.0,10.0,0.0,0.0,0.0,0.0,1.0,0.0,1.0,0.693725420894698,1.0,-40.957667498007865,1.0,61.38532911522216,1.0,-20.427661617214294,1.0,-0.693725420894698,0.0,0.0,0.0,0.0,0.0,17.28,-16.29,9.73,0.0,0.0,0.0,0.0,0.0,0.0,0.0,0.0,0.0,0.0
0.0,0.0,-0.0057,0.6975,-9.7751,10.009,-5.9839,2.6639,0.0,0.0,0.0,0.0,-4.0812,-0.0335,20.8965,0.0,0.0,0.0,0.0,0.0,1.0,0.0,0.0,0.0,1.0,10.0,0.0,0.0,0.0,0.0,1.0,0.0,1.0,-0.1674670139796247,1.0,-20.378661580626048,1.0,61.362382582344274,1.0,-40.98372100171822,1.0,0.1674670139796247,0.0,0.0,0.0,0.0,0.0,-9.13,-26.76,3.04,0.0,0.0,0.0,0.0,1.0,10.0,0.0,0.0,0.0,0.0,1.0,0.0,1.0,0.1674670139796247,1.0,-40.98372100171822,1.0,61.362382582344274,1.0,-20.378661580626048,1.0,-0.1674670139796247,0.0,0.0,0.0,0.0,0.0,15.49,-15.69,9.13,0.0,0.0,0.0,0.0,0.0,0.0,0.0,0.0,0.0,0.0
0.0,0.0,0.03,0.7204,-9.7734,9.5858,-7.0146,2.552,0.0,0.0,0.0,0.0,-4.2155,0.1755,20.8699,0.0,0.0,0.0,0.0,0.0,1.0,0.0,0.0,0.0,1.0,10.0,0.0,0.0,0.0,0.0,1.0,0.0,1.0,0.35656522842689364,1.0,-20.38936094557017,1.0,61.367399330064245,1.0,-40.97803838449407,1.0,-0.35656522842689364,0.0,0.0,0.0,0.0,0.0,-10.2,-26.07,3.13,0.0,0.0,0.0,0.0,1.0,10.0,0.0,0.0,0.0,0.0,1.0,0.0,1.0,-0.35656522842689364,1.0,-40.97803838449407,1.0,61.367399330064245,1.0,-20.38936094557017,1.0,0.35656522842689364,0.0,0.0,0.0,0.0,0.0,14.37,-15.06,8.71,0.0,0.0,0.0,0.0,0.0,0.0,0.0,0.0,0.0,0.0
0.0,0.0,0.0795,0.7487,-9.771,9.1961,-8.2756,2.2614,0.0,0.0,0.0,0.0,-4.3819,0.465,20.825,0.0,0.0,0.0,0.0,0.0,1.0,0.0,0.0,0.0,1.0,10.0,0.0,0.0,0.0,0.0,1.0,0.0,1.0,0.8555267619489086,1.0,-20.45483644087846,1.0,61.39802326391117,1.0,-40.94318682303271,1.0,-0.8555267619489086,0.0,0.0,0.0,0.0,0.0,-11.59,-25.0,3.26,0.0,0.0,0.0,0.0,1.0,10.0,0.0,0.0,0.0,0.0,1.0,0.0,1.0,-0.8555267619489086,1.0,-40.94318682303271,1.0,61.39802326391117,1.0,-20.45483644087846,1.0,0.8555267619489086,0.0,0.0,0.0,0.0,0.0,13.41,-13.91,8.2,0.0,0.0,0.0,0.0,0.0,0.0,0.0,0.0,0.0,0.0
0.0,0.0,0.1268,0.7706,-9.7688,8.7137,-8.9826,1.884,0.0,0.0,0.0,0.0,-4.5105,0.7416,20.7805,0.0,0.0,0.0,0.0,0.0,1.0,0.0,0.0,0.0,1.0,10.0,0.0,0.0,0.0,0.0,1.0,0.0,1.0,1.371131969956881,1.0,-20.579970368179655,1.0,61.456184355553944,1.0,-40.87621398737429,1.0,-1.371131969956881,0.0,0.0,0.0,0.0,0.0,-12.93,-23.78,3.37,0.0,0.0,0.0,0.0,1.0,10.0,0.0,0.0,0.0,0.0,1.0,0.0,1.0,-1.371131969956881,1.0,-40.87621398737429,1.0,61.456184355553944,1.0,-20.579970368179655,1.0,1.371131969956881,0.0,0.0,0.0,0.0,0.0,13.11,-12.43,7.68,0.0,0.0,0.0,0.0,0.0,0.0,0.0,0.0,0.0,0.0
0.0,0.0,0.162,0.779,-9.7676,8.399,-9.4039,1.5411,0.0,0.0,0.0,0.0,-4.5597,0.947,20.7435,0.0,0.0,0.0,0.0,0.0,1.0,0.0,0.0,0.0,1.0,10.0,0.0,0.0,0.0,0.0,1.0,0.0,1.0,1.8637416954755965,1.0,-20.755532904473437,1.0,61.53697119859269,1.0,-40.78143829411925,1.0,-1.8637416954755965,0.0,0.0,0.0,0.0,0.0,-14.02,-22.65,3.47,0.0,0.0,0.0,0.0,1.0,10.0,0.0,0.0,0.0,0.0,1.0,0.0,1.0,-1.8637416954755965,1.0,-40.78143829411924,1.0,61.53697119859269,1.0,-20.755532904473437,1.0,1.8637416954755965,0.0,0.0,0.0,0.0,0.0,13.28,-11.0,7.2,0.0,0.0,0.0,0.0,0.0,0.0,0.0,0.0,0.0,0.0
0.0,0.0,0.1937,0.7795,-9.767,8.1898,-10.1132,1.2702,0.0,0.0,0.0,0.0,-4.563,1.1326,20.7085,0.0,0.0,0.0,0.0,0.0,1.0,0.0,0.0,0.0,1.0,10.0,0.0,0.0,0.0,0.0,1.0,0.0,1.0,2.3494532513561084,1.0,-20.98432135385014,1.0,61.64081846202316,1.0,-40.65649710817302,1.0,-2.3494532513561084,0.0,0.0,0.0,0.0,0.0,-15.19,-21.28,3.56,0.0,0.0,0.0,0.0,1.0,10.0,0.0,0.0,0.0,0.0,1.0,0.0,1.0,-2.3494532513561084,1.0,-40.65649710817302,1.0,61.64081846202316,1.0,-20.98432135385014,1.0,2.3494532513561084,0.0,0.0,0.0,0.0,0.0,13.8,-9.21,6.61,0.0,0.0,0.0,0.0,0.0,0.0,0.0,0.0,0.0,0.0
0.0,0.0,0.2153,0.7758,-9.7669,8.1099,-10.8877,0.9881,0.0,0.0,0.0,0.0,-4.5418,1.2589,20.6919,0.0,0.0,0.0,0.0,0.0,1.0,0.0,0.0,0.0,1.0,10.0,0.0,0.0,0.0,0.0,1.0,0.0,1.0,2.8521543964584577,1.0,-22.01024556117554,1.0,63.42738558290645,1.0,-41.417140021730916,1.0,-2.8521543964584577,0.0,0.0,0.0,0.0,0.0,-16.16,-19.98,3.64,0.0,0.0,0.0,0.0,1.0,10.0,0.0,0.0,0.0,0.0,1.0,0.0,1.0,-2.8265109120796206,1.0,-40.50062891289106,1.0,61.76627595018962,1.0,-21.265647037298564,1.0,2.8265109120796206,0.0,0.0,0.0,0.0,0.0,14.38,-7.5,6.11,0.0,0.0,0.0,0.0,0.0,0.0,0.0,0.0,0.0,0.0
0.0,0.0,0.231,0.771,-9.7669,8.1848,-11.6845,0.3551,0.0,0.0,0.0,0.0,-4.5136,1.3508,20.7051,0.0,0.0,0.0,0.0,0.0,1.0,0.0,0.0,0.0,1.0,10.0,0.0,0.0,0.0,0.0,1.0,0.0,1.0,3.3668142816084483,1.0,-23.194310384905883,1.0,65.45901031305742,1.0,-42.264699928151536,1.0,-3.3668142816084483,0.0,0.0,0.0,0.0,0.0,-17.07,-18.59,3.75,0.0,0.0,0.0,0.0,1.0,10.0,0.0,0.0,0.0,0.0,1.0,0.0,1.0,-3.3013548039582257,1.0,-40.30925670367698,1.0,61.91433287782258,1.0,-21.6050761741456,1.0,3.3013548039582257,0.0,0.0,0.0,0.0,0.0,14.69,-5.75,5.74,0.0,0.0,0.0,0.0,0.0,0.0,0.0,0.0,0.0,0.0
0.0,0.0,0.2425,0.7666,-9.767,8.0918,-12.4863,-0.8236,0.0,0.0,0.0,0.0,-4.4878,1.4177,20.7487,0.0,0.0,0.0,0.0,0.0,1.0,0.0,0.0,0.0,1.0,10.0,0.0,0.0,0.0,0.0,1.0,0.0,1.0,3.860416927633405,1.0,-24.35942300083223,1.0,67.37301542078876,1.0,-43.013592419956524,1.0,-3.860416927633405,0.0,0.0,0.0,0.0,0.0,-17.92,-17.09,3.91,0.0,0.0,0.0,0.0,1.0,10.0,0.0,0.0,0.0,0.0,1.0,0.0,1.0,-3.7468675159560814,1.0,-40.092574067295224,1.0,62.07437202307382,1.0,-21.981797955778596,1.0,3.7468675159560814,0.0,0.0,0.0,0.0,0.0,14.53,-4.03,5.43,0.0,0.0,0.0,0.0,0.0,0.0,0.0,0.0,0.0,0.0
0.0,0.0,0.2581,0.7635,-9.7668,7.6909,-13.3267,-2.2729,0.0,0.0,0.0,0.0,-4.4697,1.5091,20.8333,0.0,0.0,0.0,0.0,0.0,1.0,0.0,0.0,0.0,1.0,10.0,0.0,0.0,0.0,0.0,1.0,0.0,1.0,4.362992299395859,1.0,-25.579789906993998,1.0,69.28776223344559,1.0,-43.70797232645158,1.0,-4.362992299395859,0.0,0.0,0.0,0.0,0.0,-18.7,-15.52,4.07,0.0,0.0,0.0,0.0,1.0,10.0,0.0,0.0,0.0,0.0,1.0,0.0,1.0,-4.190674331632338,1.0,-39.835587939838774,1.0,62.254243740304155,1.0,-22.41865580046538,1.0,4.190674331632338,0.0,0.0,0.0,0.0,0.0,13.78,-2.43,5.07,0.0,0.0,0.0,0.0,0.0,0.0,0.0,0.0,0.0,0.0
0.0,0.0,0.2842,0.7598,-9.7664,7.14,-14.1546,-3.876,0.0,0.0,0.0,0.0,-4.4484,1.6619,20.9589,0.0,0.0,0.0,0.0,0.0,1.0,0.0,0.0,0.0,1.0,10.0,0.0,0.0,0.0,0.0,1.0,0.0,1.0,4.8515898199825775,1.0,-26.804870900312718,1.0,71.11716909316736,1.0,-44.31229819285464,1.0,-4.8515898199825775,0.0,0.0,0.0,0.0,0.0,-19.56,-13.64,4.18,0.0,0.0,0.0,0.0,1.0,10.0,0.0,0.0,0.0,0.0,1.0,0.0,1.0,-4.612825573377604,1.0,-39.546540039133376,1.0,62.44438585031218,1.0,-22.897845811178804,1.0,4.612825573377604,0.0,0.0,0.0,0.0,0.0,12.34,-0.79,4.51,0.0,0.0,0.0,0.0,0.0,0.0,0.0,0.0,0.0,0.0
0.0,0.0,0.3167,0.7511,-9.766,6.5368,-14.629,-5.4517,0.0,0.0,0.0,0.0,-4.398,1.8519,21.0932,0.0,0.0,0.0,0.0,0.0,1.0,0.0,0.0,0.0,1.0,10.0,0.0,0.0,0.0,0.0,1.0,0.0,1.0,5.310135320810766,1.0,-27.995978042993844,1.0,72.80616616853666,1.0,-44.810188125542815,1.0,-5.310135320810766,0.0,0.0,0.0,0.0,0.0,-20.38,-11.71,4.19,0.0,0.0,0.0,0.0,1.0,10.0,0.0,0.0,0.0,0.0,1.0,0.0,1.0,-5.000825443692596,1.0,-39.235207775191704,1.0,62.6356260191345,1.0,-23.4004182439428,1.0,5.000825443692596,0.0,0.0,0.0,0.0,0.0,10.5,0.61,3.8,0.0,0.0,0.0,0.0,0.0,0.0,0.0,0.0,0.0,0.0
0.0,0.0,0.3477,0.7357,-9.7662,6.053,-15.0014,-6.6526,0.0,0.0,0.0,0.0,-4.3078,2.033,21.2103,0.0,0.0,0.0,0.0,0.0,1.0,0.0,0.0,0.0,1.0,10.0,0.0,0.0,0.0,0.0,1.0,0.0,1.0,5.784229160517295,1.0,-29.27873915869914,1.0,74.52502172337392,1.0,-45.246282564674786,1.0,-5.784229160517295,0.0,0.0,0.0,0.0,0.0,-21.05,-10.0,4.12,0.0,0.0,0.0,0.0,1.0,10.0,0.0,0.0,0.0,0.0,1.0,0.0,1.0,-5.3938234556427895,1.0,-38.865659898664404,1.0,62.84552802371878,1.0,-23.979868125054374,1.0,5.3938234556427895,0.0,0.0,0.0,0.0,0.0,8.65,1.74,3.0,0.0,0.0,0.0,0.0,0.0,0.0,0.0,0.0,0.0,0.0
0.0,0.0,0.3817,0.7112,-9.7667,5.3858,-15.3197,-6.7221,0.0,0.0,0.0,0.0,-4.1649,2.2324,21.3433,0.0,0.0,0.0,0.0,0.0,1.0,0.0,0.0,0.0,1.0,10.0,0.0,0.0,0.0,0.0,1.0,0.0,1.0,6.221337233835618,1.0,-30.51866613513107,1.0,76.08599821266509,1.0,-45.567332077534026,1.0,-6.221337233835618,0.0,0.0,0.0,0.0,0.0,-21.73,-8.0,3.98,0.0,0.0,0.0,0.0,1.0,10.0,0.0,0.0,0.0,0.0,1.0,0.0,1.0,-5.748973729928548,1.0,-38.47347467522762,1.0,63.04933374719021,1.0,-24.57585907196259,1.0,5.748973729928548,0.0,0.0,0.0,0.0,0.0,6.47,3.08,1.96,0.0,0.0,0.0,0.0,0.0,0.0,0.0,0.0,0.0,0.0
0.0,0.0,0.3956,0.6923,-9.7675,4.7039,-15.3215,-5.5462,0.0,0.0,0.0,0.0,-4.0541,2.3134,21.4508,0.0,0.0,0.0,0.0,0.0,1.0,0.0,0.0,0.0,1.0,10.0,0.0,0.0,0.0,0.0,1.0,0.0,1.0,6.618064444178923,1.0,-31.704138338224162,1.0,77.4837619761423,1.0,-45.77962363791815,1.0,-6.618064444178923,0.0,0.0,0.0,0.0,0.0,-22.11,-6.47,3.99,0.0,0.0,0.0,0.0,1.0,10.0,0.0,0.0,0.0,0.0,1.0,0.0,1.0,-6.065475393278736,1.0,-38.064857543049335,1.0,63.24233429303901,1.0,-25.17747674998967,1.0,6.065475393278736,0.0,0.0,0.0,0.0,0.0,5.3,4.26,1.31,0.0,0.0,0.0,0.0,0.0,0.0,0.0,0.0,0.0,0.0
0.0,0.0,0.3963,0.6727,-9.7688,4.1813,-15.4266,-4.2698,0.0,0.0,0.0,0.0,-3.9393,2.3176,21.5912,0.0,0.0,0.0,0.0,0.0,1.0,0.0,0.0,0.0,1.0,10.0,0.0,0.0,0.0,0.0,1.0,0.0,1.0,6.988141967044938,1.0,-32.87625400150029,1.0,78.77193208443832,1.0,-45.89567808293803,1.0,-6.988141967044938,0.0,0.0,0.0,0.0,0.0,-22.34,-4.62,4.17,0.0,0.0,0.0,0.0,1.0,10.0,0.0,0.0,0.0,0.0,1.0,0.0,1.0,-6.3558134286155274,1.0,-37.62664141645301,1.0,63.428870232325636,1.0,-25.802228815872617,1.0,6.3558134286155274,0.0,0.0,0.0,0.0,0.0,4.29,5.76,0.73,0.0,0.0,0.0,0.0,0.0,0.0,0.0,0.0,0.0,0.0
0.0,0.0,0.381,0.6553,-9.7706,3.7441,-15.2932,-3.3863,0.0,0.0,0.0,0.0,-3.8372,2.2283,21.7443,0.0,0.0,0.0,0.0,0.0,1.0,0.0,0.0,0.0,1.0,10.0,0.0,0.0,0.0,0.0,1.0,0.0,1.0,7.328822409091545,1.0,-34.029671551722615,1.0,79.94485980378316,1.0,-45.91518825206054,1.0,-7.328822409091545,0.0,0.0,0.0,0.0,0.0,-22.37,-2.72,4.5,0.0,0.0,0.0,0.0,1.0,10.0,0.0,0.0,0.0,0.0,1.0,0.0,1.0,-6.618989323394005,1.0,-37.15991692127657,1.0,63.60585167434137,1.0,-26.445934753064808,1.0,6.618989323394005,0.0,0.0,0.0,0.0,0.0,3.52,7.36,0.3,0.0,0.0,0.0,0.0,0.0,0.0,0.0,0.0,0.0,0.0
0.0,0.0,0.3491,0.6367,-9.7731,3.6117,-14.9131,-2.832,0.0,0.0,0.0,0.0,-3.7277,2.0417,21.8836,0.0,0.0,0.0,0.0,0.0,1.0,0.0,0.0,0.0,1.0,10.0,0.0,0.0,0.0,0.0,1.0,0.0,1.0,7.6366137047156055,1.0,-35.155056068921894,1.0,80.99427276528618,1.0,-45.83921669636429,1.0,-7.6366137047156055,0.0,0.0,0.0,0.0,0.0,-22.05,-0.77,4.89,0.0,0.0,0.0,0.0,1.0,10.0,0.0,0.0,0.0,0.0,1.0,0.0,1.0,-6.8534440579923075,1.0,-36.66777511972147,1.0,63.76988203612771,1.0,-27.102106916406242,1.0,6.8534440579923075,0.0,0.0,0.0,0.0,0.0,2.9,8.99,-0.01,0.0,0.0,0.0,0.0,0.0,0.0,0.0,0.0,0.0,0.0
0.0,0.0,0.2994,0.6173,-9.776,3.9396,-14.2138,-1.9877,0.0,0.0,0.0,0.0,-3.6131,1.751,21.9767,0.0,0.0,0.0,0.0,0.0,1.0,0.0,0.0,0.0,1.0,10.0,0.0,0.0,0.0,0.0,1.0,0.0,1.0,7.930422903335771,1.0,-36.334730867388515,1.0,81.98721004692189,1.0,-45.652479179533366,1.0,-7.930422903335771,0.0,0.0,0.0,0.0,0.0,-21.27,1.24,5.32,0.0,0.0,0.0,0.0,1.0,10.0,0.0,0.0,0.0,0.0,1.0,0.0,1.0,-7.074366339945028,1.0,-36.10895353226227,1.0,63.92996396685751,1.0,-27.821010434595234,1.0,7.074366339945028,0.0,0.0,0.0,0.0,0.0,2.37,10.65,-0.19,0.0,0.0,0.0,0.0,0.0,0.0,0.0,0.0,0.0,0.0
0.0,0.0,0.2373,0.5936,-9.7791,4.4135,-13.2874,-1.447,0.0,0.0,0.0,0.0,-3.4739,1.3875,22.0325,0.0,0.0,0.0,0.0,0.0,1.0,0.0,0.0,0.0,1.0,10.0,0.0,0.0,0.0,0.0,1.0,0.0,1.0,8.17820789294069,1.0,-37.451515540649396,1.0,82.8181286246992,1.0,-45.3666130840498,1.0,-8.17820789294069,0.0,0.0,0.0,0.0,0.0,-20.16,3.3,5.81,0.0,0.0,0.0,0.0,1.0,10.0,0.0,0.0,0.0,0.0,1.0,0.0,1.0,-7.258530420074263,1.0,-35.53446898309013,1.0,64.06752567674651,1.0,-28.53305669365638,1.0,7.258530420074263,0.0,0.0,0.0,0.0,0.0,1.87,12.26,-0.26,0.0,0.0,0.0,0.0,0.0,0.0,0.0,0.0,0.0,0.0
0.0,0.0,0.1565,0.5603,-9.7827,5.1833,-12.2506,-1.0558,0.0,0.0,0.0,0.0,-3.2781,0.9147,22.0653,0.0,0.0,0.0,0.0,0.0,1.0,0.0,0.0,0.0,1.0,10.0,0.0,0.0,0.0,0.0,1.0,0.0,1.0,8.378959127890537,1.0,-38.49168331725181,1.0,83.4870983817145,1.0,-44.9954150644627,1.0,-8.378959127890537,0.0,0.0,0.0,0.0,0.0,-18.65,5.77,6.44,0.0,0.0,0.0,0.0,1.0,10.0,0.0,0.0,0.0,0.0,1.0,0.0,1.0,-7.406314888772149,1.0,-34.95386234010856,1.0,64.18063269868928,1.0,-29.22677035858072,1.0,7.406314888772149,0.0,0.0,0.0,0.0,0.0,1.26,13.98,-0.26,0.0,0.0,0.0,0.0,0.0,0.0,0.0,0.0,0.0,0.0
0.0,0.0,0.083,0.5282,-9.7854,5.806,-11.4777,-0.7748,0.0,0.0,0.0,0.0,-3.0897,0.4854,22.0722,0.0,0.0,0.0,0.0,0.0,1.0,0.0,0.0,0.0,1.0,10.0,0.0,0.0,0.0,0.0,1.0,0.0,1.0,8.542616239738395,1.0,-39.50524227553419,1.0,84.02972449217141,1.0,-44.524482216637224,1.0,-8.542616239738395,0.0,0.0,0.0,0.0,0.0,-17.23,7.94,7.05,0.0,0.0,0.0,0.0,1.0,10.0,0.0,0.0,0.0,0.0,1.0,0.0,1.0,-7.525862007051202,1.0,-34.33875357123399,1.0,64.2739068908423,1.0,-29.935153319608307,1.0,7.525862007051202,0.0,0.0,0.0,0.0,0.0,0.66,15.41,-0.23,0.0,0.0,0.0,0.0,0.0,0.0,0.0,0.0,0.0,0.0
0.0,0.0,0.013,0.4933,-9.7876,6.3108,-10.672,-0.508,0.0,0.0,0.0,0.0,-2.8853,0.0761,22.0632,0.0,0.0,0.0,0.0,0.0,1.0,0.0,0.0,0.0,1.0,10.0,0.0,0.0,0.0,0.0,1.0,0.0,1.0,8.660052960249413,1.0,-40.43194305311039,1.0,84.41761631742443,1.0,-43.98567326431405,1.0,-8.660052960249413,0.0,0.0,0.0,0.0,0.0,-15.86,10.14,7.73,0.0,0.0,0.0,0.0,1.0,10.0,0.0,0.0,0.0,0.0,1.0,0.0,1.0,-7.611136551648749,1.0,-33.72549890229746,1.0,64.34141585845057,1.0,-30.615916956153118,1.0,7.611136551648749,0.0,0.0,0.0,0.0,0.0,0.0,16.75,-0.18,0.0,0.0,0.0,0.0,0.0,0.0,0.0,0.0,0.0,0.0
0.0,0.0,-0.0587,0.4481,-9.7896,6.7906,-9.6632,-0.2241,0.0,0.0,0.0,0.0,-2.6205,-0.3433,22.0403,0.0,0.0,0.0,0.0,0.0,1.0,0.0,0.0,0.0,1.0,10.0,0.0,0.0,0.0,0.0,1.0,0.0,1.0,8.73997290362932,1.0,-41.348041137851496,1.0,84.6808915606502,1.0,-43.33285042279871,1.0,-8.73997290362932,0.0,0.0,0.0,0.0,0.0,-14.41,12.58,8.59,0.0,0.0,0.0,0.0,1.0,10.0,0.0,0.0,0.0,0.0,1.0,0.0,1.0,-7.668927191755742,1.0,-33.060618172426196,1.0,64.3876295418762,1.0,-31.32701136945,1.0,7.668927191755742,0.0,0.0,0.0,0.0,0.0,-0.83,18.14,-0.14,0.0,0.0,0.0,0.0,0.0,0.0,0.0,0.0,0.0,0.0
0.0,0.0,-0.112,0.4034,-9.7911,7.2091,-8.789,0.0249,0.0,0.0,0.0,0.0,-2.3592,-0.655,22.0131,0.0,0.0,0.0,0.0,0.0,1.0,0.0,0.0,0.0,1.0,10.0,0.0,0.0,0.0,0.0,1.0,0.0,1.0,8.77396005114822,1.0,-42.167386309894226,1.0,84.79268326549129,1.0,-42.62529695559706,1.0,-8.77396005114822,0.0,0.0,0.0,0.0,0.0,-13.29,14.58,9.41,0.0,0.0,0.0,0.0,1.0,10.0,0.0,0.0,0.0,0.0,1.0,0.0,1.0,-7.693444465189112,1.0,-32.403498439347715,1.0,64.4073485088453,1.0,-32.00385006949758,1.0,7.693444465189112,0.0,0.0,0.0,0.0,0.0,-1.61,19.24,-0.11,0.0,0.0,0.0,0.0,0.0,0.0,0.0,0.0,0.0,0.0
0.0,0.0,-0.1552,0.3553,-9.7923,7.6237,-8.0111,0.2822,0.0,0.0,0.0,0.0,-2.0778,-0.9076,21.9751,0.0,0.0,0.0,0.0,0.0,1.0,0.0,0.0,0.0,1.0,10.0,0.0,0.0,0.0,0.0,1.0,0.0,1.0,8.764318001920156,1.0,-42.94393949306068,1.0,84.76097856781925,1.0,-41.817039074758576,1.0,-8.764318001920156,0.0,0.0,0.0,0.0,0.0,-12.33,16.38,10.29,0.0,0.0,0.0,0.0,1.0,10.0,0.0,0.0,0.0,0.0,1.0,0.0,1.0,-7.686492563225767,1.0,-31.709008062158148,1.0,64.40175032123629,1.0,-32.692742259078145,1.0,7.686492563225767,0.0,0.0,0.0,0.0,0.0,-2.47,20.21,-0.07,0.0,0.0,0.0,0.0,0.0,0.0,0.0,0.0,0.0,0.0
0.0,0.0,-0.1949,0.2983,-9.7935,8.2865,-7.1756,0.5087,0.0,0.0,0.0,0.0,-1.7447,-1.1397,21.9199,0.0,0.0,0.0,0.0,0.0,1.0,0.0,0.0,0.0,1.0,10.0,0.0,0.0,0.0,0.0,1.0,0.0,1.0,8.710757406281047,1.0,-43.62738154393517,1.0,84.58471400824145,1.0,-40.957332464306276,1.0,-8.710757406281047,0.0,0.0,0.0,0.0,0.0,-11.41,18.19,11.36,0.0,0.0,0.0,0.0,1.0,10.0,0.0,0.0,0.0,0.0,1.0,0.0,1.0,-7.647823900177794,1.0,-31.018522901323365,1.0,64.370710396765,1.0,-33.35218749544165,1.0,7.647823900177794,0.0,0.0,0.0,0.0,0.0,-3.53,21.19,-0.02,0.0,0.0,0.0,0.0,0.0,0.0,0.0,0.0,0.0,0.0
0.0,0.0,-0.2246,0.2481,-9.7943,8.8333,-6.5062,0.7215,0.0,0.0,0.0,0.0,-1.4511,-1.3134,21.8709,0.0,0.0,0.0,0.0,0.0,1.0,0.0,0.0,0.0,1.0,10.0,0.0,0.0,0.0,0.0,1.0,0.0,1.0,8.615171126670944,1.0,-44.22397488142035,1.0,84.26951733706711,1.0,-40.04554245564677,1.0,-8.615171126670944,0.0,0.0,0.0,0.0,0.0,-10.63,19.64,12.27,0.0,0.0,0.0,0.0,1.0,10.0,0.0,0.0,0.0,0.0,1.0,0.0,1.0,-7.578596468615161,1.0,-30.327819229414462,1.0,64.3155590073342,1.0,-33.987739777919735,1.0,7.578596468615161,0.0,0.0,0.0,0.0,0.0,-4.54,21.95,0.02,0.0,0.0,0.0,0.0,0.0,0.0,0.0,0.0,0.0,0.0
0.0,0.0,-0.249,0.1982,-9.7948,9.2081,-5.6268,1.0454,0.0,0.0,0.0,0.0,-1.1593,-1.4557,21.836,0.0,0.0,0.0,0.0,0.0,1.0,0.0,0.0,0.0,1.0,10.0,0.0,0.0,0.0,0.0,1.0,0.0,1.0,8.472152232774153,1.0,-44.7536730496869,1.0,83.79638960307949,1.0,-39.04271655339259,1.0,-8.472152232774153,0.0,0.0,0.0,0.0,0.0,-9.65,21.09,13.02,0.0,0.0,0.0,0.0,1.0,10.0,0.0,0.0,0.0,0.0,1.0,0.0,1.0,-7.474491757231029,1.0,-29.607594077522815,1.0,64.23363099920311,1.0,-34.626036921680296,1.0,7.474491757231029,0.0,0.0,0.0,0.0,0.0,-5.63,22.64,0.1,0.0,0.0,0.0,0.0,0.0,0.0,0.0,0.0,0.0,0.0
0.0,0.0,-0.2675,0.1496,-9.7952,9.5097,-4.7887,1.1489,0.0,0.0,0.0,0.0,-0.8751,-1.5639,21.8159,0.0,0.0,0.0,0.0,0.0,1.0,0.0,0.0,0.0,1.0,10.0,0.0,0.0,0.0,0.0,1.0,0.0,1.0,8.29108975602612,1.0,-45.17826454251349,1.0,83.19474760687635,1.0,-38.01648306436285,1.0,-8.29108975602612,0.0,0.0,0.0,0.0,0.0,-8.35,22.63,13.53,0.0,0.0,0.0,0.0,1.0,10.0,0.0,0.0,0.0,0.0,1.0,0.0,1.0,-7.341784731758348,1.0,-28.90595759671281,1.0,64.13094596686977,1.0,-35.224988370156964,1.0,7.341784731758348,0.0,0.0,0.0,0.0,0.0,-6.78,23.24,0.2,0.0,0.0,0.0,0.0,0.0,0.0,0.0,0.0,0.0,0.0
0.0,0.0,-0.2843,0.0964,-9.7954,9.9863,-3.676,1.0529,0.0,0.0,0.0,0.0,-0.5641,-1.6625,21.8021,0.0,0.0,0.0,0.0,0.0,1.0,0.0,0.0,0.0,1.0,10.0,0.0,0.0,0.0,0.0,1.0,0.0,1.0,8.061253442210619,1.0,-45.5199265042647,1.0,82.42666222894387,1.0,-36.90673572467916,1.0,-8.061253442210619,0.0,0.0,0.0,0.0,0.0,-6.43,24.46,13.82,0.0,0.0,0.0,0.0,1.0,10.0,0.0,0.0,0.0,0.0,1.0,0.0,1.0,-7.171848249541552,1.0,-28.181706931881436,1.0,64.00231087699865,1.0,-35.82060394511722,1.0,7.171848249541552,0.0,0.0,0.0,0.0,0.0,-8.15,23.81,0.32,0.0,0.0,0.0,0.0,0.0,0.0,0.0,0.0,0.0,0.0
0.0,0.0,-0.2992,0.0526,-9.7953,10.448,-2.7,0.8731,0.0,0.0,0.0,0.0,-0.3074,-1.7495,21.7917,0.0,0.0,0.0,0.0,0.0,1.0,0.0,0.0,0.0,1.0,10.0,0.0,0.0,0.0,0.0,1.0,0.0,1.0,7.7892794219048795,1.0,-45.75884300866905,1.0,81.51126661510806,1.0,-35.752423606439,1.0,-7.7892794219048795,0.0,0.0,0.0,0.0,0.0,-4.37,25.98,13.87,0.0,0.0,0.0,0.0,1.0,10.0,0.0,0.0,0.0,0.0,1.0,0.0,1.0,-6.968585263009077,1.0,-27.462053666211457,1.0,63.85264405561726,1.0,-36.3905903894058,1.0,6.968585263009077,0.0,0.0,0.0,0.0,0.0,-9.39,24.19,0.42,0.0,0.0,0.0,0.0,0.0,0.0,0.0,0.0,0.0,0.0
0.0,0.0,-0.3118,0.0116,-9.795,10.7222,-1.5531,0.9913,0.0,0.0,0.0,0.0,-0.0678,-1.8231,21.7817,0.0,0.0,0.0,0.0,0.0,1.0,0.0,0.0,0.0,1.0,10.0,0.0,0.0,0.0,0.0,1.0,0.0,1.0,7.475939655686187,1.0,-45.891655790768496,1.0,80.44765210346448,1.0,-34.555996312695974,1.0,-7.475939655686187,0.0,0.0,0.0,0.0,0.0,-2.08,27.43,13.81,0.0,0.0,0.0,0.0,1.0,10.0,0.0,0.0,0.0,0.0,1.0,0.0,1.0,-6.731442190128893,1.0,-26.74930780771835,1.0,63.68377596489128,1.0,-36.93446815717294,1.0,6.731442190128893,0.0,0.0,0.0,0.0,0.0,-10.68,24.45,0.52,0.0,0.0,0.0,0.0,0.0,0.0,0.0,0.0,0.0,0.0
0.0,0.0,-0.3182,-0.0291,-9.7948,10.8379,-0.2432,1.1589,0.0,0.0,0.0,0.0,0.1701,-1.8609,21.7712,0.0,0.0,0.0,0.0,0.0,1.0,0.0,0.0,0.0,1.0,10.0,0.0,0.0,0.0,0.0,1.0,0.0,1.0,7.150347079779743,1.0,-45.916740790860906,1.0,79.33190415409841,1.0,-33.415163363237504,1.0,-7.150347079779743,0.0,0.0,0.0,0.0,0.0,0.35,28.86,13.7,0.0,0.0,0.0,0.0,1.0,10.0,0.0,0.0,0.0,0.0,1.0,0.0,1.0,-6.481602194948243,1.0,-26.099401711340082,1.0,63.51252130707994,1.0,-37.413119595739865,1.0,6.481602194948243,0.0,0.0,0.0,0.0,0.0,-11.99,24.54,0.62,0.0,0.0,0.0,0.0,0.0,0.0,0.0,0.0,0.0,0.0
0.0,0.0,-0.3201,-0.0768,-9.7945,11.0818,1.4174,1.2322,0.0,0.0,0.0,0.0,0.4491,-1.8718,21.7396,0.0,0.0,0.0,0.0,0.0,1.0,0.0,0.0,0.0,1.0,10.0,0.0,0.0,0.0,0.0,1.0,0.0,1.0,6.789089371824816,1.0,-45.84413000392562,1.0,78.08091650205289,1.0,-32.236786498127266,1.0,-6.789089371824816,0.0,0.0,0.0,0.0,0.0,2.99,30.24,13.5,0.0,0.0,0.0,0.0,1.0,10.0,0.0,0.0,0.0,0.0,1.0,0.0,1.0,-6.200232214492028,1.0,-25.45771782113741,1.0,63.327779724537685,1.0,-37.87006190340027,1.0,6.200232214492028,0.0,0.0,0.0,0.0,0.0,-13.46,24.43,0.71,0.0,0.0,0.0,0.0,0.0,0.0,0.0,0.0,0.0,0.0
0.0,0.0,-0.3192,-0.1253,-9.794,11.5209,2.844,1.0495,0.0,0.0,0.0,0.0,0.7332,-1.8667,21.6673,0.0,0.0,0.0,0.0,0.0,1.0,0.0,0.0,0.0,1.0,10.0,0.0,0.0,0.0,0.0,1.0,0.0,1.0,6.398035627362513,1.0,-45.67201296616981,1.0,76.71074030379418,1.0,-31.038727337624366,1.0,-6.398035627362513,0.0,0.0,0.0,0.0,0.0,5.18,31.2,13.16,0.0,0.0,0.0,0.0,1.0,10.0,0.0,0.0,0.0,0.0,1.0,0.0,1.0,-5.890619357979869,1.0,-24.836009762802686,1.0,63.13437867154104,1.0,-38.29836890873836,1.0,5.890619357979869,0.0,0.0,0.0,0.0,0.0,-14.88,24.09,0.79,0.0,0.0,0.0,0.0,0.0,0.0,0.0,0.0,0.0,0.0
0.0,0.0,-0.3171,-0.1648,-9.7935,11.8582,4.0177,0.974,0.0,0.0,0.0,0.0,0.9643,-1.8545,21.5825,0.0,0.0,0.0,0.0,0.0,1.0,0.0,0.0,0.0,1.0,10.0,0.0,0.0,0.0,0.0,1.0,0.0,1.0,5.977772897854069,1.0,-45.39876003887268,1.0,75.21895582307927,1.0,-29.82019578420658,1.0,-5.977772897854069,0.0,0.0,0.0,0.0,0.0,6.7,31.77,12.76,0.0,0.0,0.0,0.0,1.0,10.0,0.0,0.0,0.0,0.0,1.0,0.0,1.0,-5.551919075470366,1.0,-24.235876957292767,1.0,62.934591306281554,1.0,-38.69871434898879,1.0,5.551919075470366,0.0,0.0,0.0,0.0,0.0,-16.13,23.64,0.83,0.0,0.0,0.0,0.0,0.0,0.0,0.0,0.0,0.0,0.0
0.0,0.0,-0.3088,-0.2067,-9.793,12.096,5.2312,0.9052,0.0,0.0,0.0,0.0,1.2092,-1.8056,21.4707,0.0,0.0,0.0,0.0,0.0,1.0,0.0,0.0,0.0,1.0,10.0,0.0,0.0,0.0,0.0,1.0,0.0,1.0,5.546749706806733,1.0,-45.038463582398826,1.0,73.66744556576907,1.0,-28.62898198337025,1.0,-5.546749706806733,0.0,0.0,0.0,0.0,0.0,8.01,32.06,12.2,0.0,0.0,0.0,0.0,1.0,10.0,0.0,0.0,0.0,0.0,1.0,0.0,1.0,-5.1979913599407075,1.0,-23.6815329187784,1.0,62.73888856807253,1.0,-39.05735564929413,1.0,5.1979913599407075,0.0,0.0,0.0,0.0,0.0,-17.58,22.95,0.86,0.0,0.0,0.0,0.0,0.0,0.0,0.0,0.0,0.0,0.0
0.0,0.0,-0.2932,-0.239,-9.7927,11.7286,6.0715,1.1035,0.0,0.0,0.0,0.0,1.398,-1.7143,21.3791,0.0,0.0,0.0,0.0,0.0,1.0,0.0,0.0,0.0,1.0,10.0,0.0,0.0,0.0,0.0,1.0,0.0,1.0,5.07244737363359,1.0,-44.56089890294851,1.0,71.93398582842654,1.0,-27.373086925478034,1.0,-5.07244737363359,0.0,0.0,0.0,0.0,0.0,8.78,31.97,11.62,0.0,0.0,0.0,0.0,1.0,10.0,0.0,0.0,0.0,0.0,1.0,0.0,1.0,-4.800684222191677,1.0,-23.133217015941415,1.0,62.53500139359472,1.0,-39.4017843776533,1.0,4.800684222191677,0.0,0.0,0.0,0.0,0.0,-18.89,22.23,0.89,0.0,0.0,0.0,0.0,0.0,0.0,0.0,0.0,0.0,0.0
0.0,0.0,-0.2694,-0.2688,-9.7926,11.1437,7.04,1.5622,0.0,0.0,0.0,0.0,1.5723,-1.5754,21.3143,0.0,0.0,0.0,0.0,0.0,1.0,0.0,0.0,0.0,1.0,10.0,0.0,0.0,0.0,0.0,1.0,0.0,1.0,4.590449300778349,1.0,-43.99833358912894,1.0,70.14328411428865,1.0,-26.144950525159707,1.0,-4.590449300778349,0.0,0.0,0.0,0.0,0.0,9.24,31.7,11.03,0.0,0.0,0.0,0.0,1.0,10.0,0.0,0.0,0.0,0.0,1.0,0.0,1.0,-4.388329696208325,1.0,-22.634818537430533,1.0,62.3409510954039,1.0,-39.70613255797337,1.0,4.388329696208325,0.0,0.0,0.0,0.0,0.0,-20.2,21.4,0.96,0.0,0.0,0.0,0.0,0.0,0.0,0.0,0.0,0.0,0.0
0.0,0.0,-0.2331,-0.302,-9.7926,10.2323,7.9481,1.8756,0.0,0.0,0.0,0.0,1.7662,-1.3629,21.2688,0.0,0.0,0.0,0.0,0.0,1.0,0.0,0.0,0.0,1.0,10.0,0.0,0.0,0.0,0.0,1.0,0.0,1.0,4.095987498678898,1.0,-43.347898086690044,1.0,68.2747369544112,1.0,-24.926838867721152,1.0,-4.095987498678898,0.0,0.0,0.0,0.0,0.0,9.39,31.19,10.36,0.0,0.0,0.0,0.0,1.0,10.0,0.0,0.0,0.0,0.0,1.0,0.0,1.0,-3.956112960283392,1.0,-22.179716809902324,1.0,62.156628182743276,1.0,-39.976911372840945,1.0,3.956112960283392,0.0,0.0,0.0,0.0,0.0,-21.64,20.31,1.07,0.0,0.0,0.0,0.0,0.0,0.0,0.0,0.0,0.0,0.0
0.0,0.0,-0.1925,-0.3281,-9.7926,9.3638,8.6204,2.0337,0.0,0.0,0.0,0.0,1.9192,-1.1254,21.2518,0.0,0.0,0.0,0.0,0.0,1.0,0.0,0.0,0.0,1.0,10.0,0.0,0.0,0.0,0.0,1.0,0.0,1.0,3.605941357329368,1.0,-42.63552928720576,1.0,66.39044002074435,1.0,-23.754910733538594,1.0,-3.605941357329368,0.0,0.0,0.0,0.0,0.0,9.21,30.48,9.75,0.0,0.0,0.0,0.0,1.0,10.0,0.0,0.0,0.0,0.0,1.0,0.0,1.0,-3.518386457116468,1.0,-21.781238381671532,1.0,61.98973435164333,1.0,-40.20849596997179,1.0,3.518386457116468,0.0,0.0,0.0,0.0,0.0,-22.83,19.26,1.17,0.0,0.0,0.0,0.0,0.0,0.0,0.0,0.0,0.0,0.0
0.0,0.0,-0.1401,-0.3558,-9.7925,8.4446,9.5215,2.2783,0.0,0.0,0.0,0.0,2.0808,-0.8192,21.2542,0.0,0.0,0.0,0.0,0.0,1.0,0.0,0.0,0.0,1.0,10.0,0.0,0.0,0.0,0.0,1.0,0.0,1.0,3.0961071945828524,1.0,-41.82717385671427,1.0,64.39499937142416,1.0,-22.5678255147099,1.0,-3.0961071945828524,0.0,0.0,0.0,0.0,0.0,8.69,29.33,9.01,0.0,0.0,0.0,0.0,1.0,10.0,0.0,0.0,0.0,0.0,1.0,0.0,1.0,-3.052914098423142,1.0,-21.419823247442935,1.0,61.833977612810926,1.0,-40.41415436536799,1.0,3.052914098423142,0.0,0.0,0.0,0.0,0.0,-24.1,17.95,1.3,0.0,0.0,0.0,0.0,0.0,0.0,0.0,0.0,0.0,0.0
0.0,0.0,-0.0947,-0.3792,-9.7922,7.6951,10.3405,2.3452,0.0,0.0,0.0,0.0,2.2178,-0.5537,21.2678,0.0,0.0,0.0,0.0,0.0,1.0,0.0,0.0,0.0,1.0,10.0,0.0,0.0,0.0,0.0,1.0,0.0,1.0,2.5786981569974854,1.0,-40.940153502095725,1.0,62.332846999308266,1.0,-21.39269349721254,1.0,-2.5786981569974854,0.0,0.0,0.0,0.0,0.0,7.99,28.08,8.36,0.0,0.0,0.0,0.0,1.0,10.0,0.0,0.0,0.0,0.0,1.0,0.0,1.0,-2.5698733507144804,1.0,-21.10713137481678,1.0,61.695890168386875,1.0,-40.58875879357009,1.0,2.5698733507144804,0.0,0.0,0.0,0.0,0.0,-25.11,16.7,1.41,0.0,0.0,0.0,0.0,0.0,0.0,0.0,0.0,0.0,0.0
0.0,0.0,-0.0524,-0.4023,-9.7916,6.8759,11.0632,2.2781,0.0,0.0,0.0,0.0,2.3525,-0.3061,21.2874,0.0,0.0,0.0,0.0,0.0,1.0,0.0,0.0,0.0,1.0,10.0,0.0,0.0,0.0,0.0,1.0,0.0,1.0,2.0912450896353816,1.0,-40.72696083384138,1.0,61.58261732357404,1.0,-20.855656489732656,1.0,-2.0912450896353816,0.0,0.0,0.0,0.0,0.0,7.14,26.7,7.71,0.0,0.0,0.0,0.0,1.0,10.0,0.0,0.0,0.0,0.0,1.0,0.0,1.0,-2.0912450896353816,1.0,-20.855656489732656,1.0,61.58261732357404,1.0,-40.72696083384138,1.0,2.0912450896353816,0.0,0.0,0.0,0.0,0.0,-26.03,15.34,1.55,0.0,0.0,0.0,0.0,0.0,0.0,0.0,0.0,0.0,0.0
0.0,0.0,-0.0524,-0.4023,-9.7916,6.8759,11.0632,2.2781,0.0,0.0,0.0,0.0,2.3525,-0.3061,21.2874,0.0,0.0,0.0,0.0,0.0,1.0,0.0,0.0,0.0,1.0,10.0,0.0,0.0,0.0,0.0,1.0,0.0,1.0,2.0912450896353816,1.0,-40.72696083384138,1.0,61.58261732357404,1.0,-20.855656489732656,1.0,-2.0912450896353816,0.0,0.0,0.0,0.0,0.0,7.14,26.7,7.71,0.0,0.0,0.0,0.0,1.0,10.0,0.0,0.0,0.0,0.0,1.0,0.0,1.0,-2.0912450896353816,1.0,-20.855656489732656,1.0,61.58261732357404,1.0,-40.72696083384138,1.0,2.0912450896353816,0.0,0.0,0.0,0.0,0.0,-26.03,15.34,1.55,0.0,0.0,0.0,0.0,0.0,0.0,0.0,0.0,0.0,0.0
0.0,0.0,-0.0121,-0.4233,-9.7908,5.9748,11.518,2.0813,0.0,0.0,0.0,0.0,2.4755,-0.0708,21.3085,0.0,0.0,0.0,0.0,0.0,1.0,0.0,0.0,0.0,1.0,10.0,0.0,0.0,0.0,0.0,1.0,0.0,1.0,1.5869357908543045,1.0,-40.838504757758656,1.0,61.488538980541485,1.0,-20.65003422278282,1.0,-1.5869357908543045,0.0,0.0,0.0,0.0,0.0,6.15,25.32,7.06,0.0,0.0,0.0,0.0,1.0,10.0,0.0,0.0,0.0,0.0,1.0,0.0,1.0,-1.5869357908543045,1.0,-20.65003422278282,1.0,61.488538980541485,1.0,-40.838504757758656,1.0,1.5869357908543045,0.0,0.0,0.0,0.0,0.0,-26.84,13.91,1.69,0.0,0.0,0.0,0.0,0.0,0.0,0.0,0.0,0.0,0.0
0.0,0.0,0.033,-0.4413,-9.79,4.7826,11.9032,1.7868,0.0,0.0,0.0,0.0,2.5809,0.1931,21.3371,0.0,0.0,0.0,0.0,0.0,1.0,0.0,0.0,0.0,1.0,10.0,0.0,0.0,0.0,0.0,1.0,0.0,1.0,1.0979901503153953,1.0,-40.915686497009446,1.0,61.42201417074953,1.0,-20.506327673740078,1.0,-1.0979901503153953,0.0,0.0,0.0,0.0,0.0,5.14,23.77,6.34,0.0,0.0,0.0,0.0,1.0,10.0,0.0,0.0,0.0,0.0,1.0,0.0,1.0,-1.0979901503153953,1.0,-20.506327673740078,1.0,61.42201417074953,1.0,-40.915686497009446,1.0,1.0979901503153953,0.0,0.0,0.0,0.0,0.0,-27.62,12.24,1.8,0.0,0.0,0.0,0.0,0.0,0.0,0.0,0.0,0.0,0.0
0.0,0.0,0.073,-0.4523,-9.7893,3.6276,12.285,1.6026,0.0,0.0,0.0,0.0,2.6455,0.4269,21.3662,0.0,0.0,0.0,0.0,0.0,1.0,0.0,0.0,0.0,1.0,10.0,0.0,0.0,0.0,0.0,1.0,0.0,1.0,0.6217657435188748,1.0,-40.963122826781216,1.0,61.38053579458213,1.0,-20.417412967800914,1.0,-0.6217657435188748,0.0,0.0,0.0,0.0,0.0,4.66,22.45,5.73,0.0,0.0,0.0,0.0,1.0,10.0,0.0,0.0,0.0,0.0,1.0,0.0,1.0,-0.6217657435188748,1.0,-20.417412967800914,1.0,61.38053579458213,1.0,-40.963122826781216,1.0,0.6217657435188748,0.0,0.0,0.0,0.0,0.0,-28.17,10.75,1.87,0.0,0.0,0.0,0.0,0.0,0.0,0.0,0.0,0.0,0.0
0.0,0.0,0.1185,-0.4614,-9.7884,2.3409,12.8609,1.5273,0.0,0.0,0.0,0.0,2.6989,0.6929,21.4113,0.0,0.0,0.0,0.0,0.0,1.0,0.0,0.0,0.0,1.0,10.0,0.0,0.0,0.0,0.0,1.0,0.0,1.0,0.10819945737540076,1.0,-40.98465717862007,1.0,61.36155547012546,1.0,-20.376898291505398,1.0,-0.10819945737540076,0.0,0.0,0.0,0.0,0.0,4.78,21.01,5.05,0.0,0.0,0.0,0.0,1.0,10.0,0.0,0.0,0.0,0.0,1.0,0.0,1.0,-0.10819945737540076,1.0,-20.376898291505398,1.0,61.36155547012546,1.0,-40.98465717862007,1.0,0.10819945737540076,0.0,0.0,0.0,0.0,0.0,-28.63,8.96,1.94,0.0,0.0,0.0,0.0,0.0,0.0,0.0,0.0,0.0,0.0
0.0,0.0,0.1569,-0.4671,-9.7876,1.2696,13.3637,1.3003,0.0,0.0,0.0,0.0,2.7324,0.9176,21.4588,0.0,0.0,0.0,0.0,0.0,1.0,0.0,0.0,0.0,1.0,10.0,0.0,0.0,0.0,0.0,1.0,0.0,1.0,-0.41299795951755636,1.0,-40.975545479519596,1.0,61.36959804372396,1.0,-20.394052564204365,1.0,0.41299795951755636,0.0,0.0,0.0,0.0,0.0,5.53,19.83,4.49,0.0,0.0,0.0,0.0,1.0,10.0,0.0,0.0,0.0,0.0,1.0,0.0,1.0,0.41299795951755636,1.0,-20.394052564204365,1.0,61.36959804372396,1.0,-40.975545479519596,1.0,-0.41299795951755636,0.0,0.0,0.0,0.0,0.0,-28.89,7.31,2.01,0.0,0.0,0.0,0.0,0.0,0.0,0.0,0.0,0.0,0.0
0.0,0.0,0.1993,-0.4717,-9.7866,0.1708,13.9764,0.9317,0.0,0.0,0.0,0.0,2.7595,1.1654,21.5142,0.0,0.0,0.0,0.0,0.0,1.0,0.0,0.0,0.0,1.0,10.0,0.0,0.0,0.0,0.0,1.0,0.0,1.0,-0.9291869485893427,1.0,-40.935572359050695,1.0,61.40468128261407,1.0,-20.469108923563375,1.0,0.9291869485893427,0.0,0.0,0.0,0.0,0.0,7.07,18.58,3.86,0.0,0.0,0.0,0.0,1.0,10.0,0.0,0.0,0.0,0.0,1.0,0.0,1.0,0.9291869485893427,1.0,-20.469108923563375,1.0,61.40468128261407,1.0,-40.935572359050695,1.0,-0.9291869485893427,0.0,0.0,0.0,0.0,0.0,-29.04,5.35,2.08,0.0,0.0,0.0,0.0,0.0,0.0,0.0,0.0,0.0,0.0
0.0,0.0,0.231,-0.4738,-9.7858,-0.4451,14.6634,0.8383,0.0,0.0,0.0,0.0,2.7718,1.3507,21.5438,0.0,0.0,0.0,0.0,0.0,1.0,0.0,0.0,0.0,1.0,10.0,0.0,0.0,0.0,0.0,1.0,0.0,1.0,-1.4271214962909904,1.0,-40.86699051713521,1.0,61.4641241077754,1.0,-20.597133590640198,1.0,1.4271214962909904,0.0,0.0,0.0,0.0,0.0,8.7,17.48,3.38,0.0,0.0,0.0,0.0,1.0,10.0,0.0,0.0,0.0,0.0,1.0,0.0,1.0,1.4271214962909904,1.0,-20.597133590640194,1.0,61.4641241077754,1.0,-40.866990517135214,1.0,-1.4271214962909904,0.0,0.0,0.0,0.0,0.0,-29.05,3.57,2.14,0.0,0.0,0.0,0.0,0.0,0.0,0.0,0.0,0.0,0.0
0.0,0.0,0.2559,-0.471,-9.7853,-0.8472,15.1489,0.6746,0.0,0.0,0.0,0.0,2.7559,1.4962,21.5313,0.0,0.0,0.0,0.0,0.0,1.0,0.0,0.0,0.0,1.0,10.0,0.0,0.0,0.0,0.0,1.0,0.0,1.0,-1.939809638506734,1.0,-40.763997772769955,1.0,61.551646623302034,1.0,-20.78764885053208,1.0,1.939809638506734,0.0,0.0,0.0,0.0,0.0,10.29,16.01,3.03,0.0,0.0,0.0,0.0,1.0,10.0,0.0,0.0,0.0,0.0,1.0,0.0,1.0,1.939809638506734,1.0,-20.78764885053208,1.0,61.551646623302034,1.0,-40.763997772769955,1.0,-1.939809638506734,0.0,0.0,0.0,0.0,0.0,-28.9,1.53,2.23,0.0,0.0,0.0,0.0,0.0,0.0,0.0,0.0,0.0,0.0
0.0,0.0,0.2704,-0.4599,-9.7855,-1.2346,15.3997,0.3678,0.0,0.0,0.0,0.0,2.6906,1.5813,21.4845,0.0,0.0,0.0,0.0,0.0,1.0,0.0,0.0,0.0,1.0,10.0,0.0,0.0,0.0,0.0,1.0,0.0,1.0,-2.4128169272753266,1.0,-40.637755367583274,1.0,61.65614112545084,1.0,-21.018385757867563,1.0,2.4128169272753266,0.0,0.0,0.0,0.0,0.0,11.23,14.55,2.83,0.0,0.0,0.0,0.0,1.0,10.0,0.0,0.0,0.0,0.0,1.0,0.0,1.0,2.4129210675265944,1.0,-21.02200438946696,1.0,61.664211194337504,1.0,-40.64220680487054,1.0,-2.4129210675265944,0.0,0.0,0.0,0.0,0.0,-28.68,-0.23,2.3,0.0,0.0,0.0,0.0,0.0,0.0,0.0,0.0,0.0,0.0
0.0,0.0,0.2845,-0.4401,-9.786,-1.9479,15.82,-0.0761,0.0,0.0,0.0,0.0,2.5751,1.6633,21.4046,0.0,0.0,0.0,0.0,0.0,1.0,0.0,0.0,0.0,1.0,10.0,0.0,0.0,0.0,0.0,1.0,0.0,1.0,-3.3570756339546257,1.0,-40.28422283730852,1.0,61.93322786163982,1.0,-21.6490050243313,1.0,3.3570756339546257,0.0,0.0,0.0,0.0,0.0,11.87,12.66,2.66,0.0,0.0,0.0,0.0,1.0,10.0,0.0,0.0,0.0,0.0,1.0,0.0,1.0,3.4279699820540213,1.0,-23.33702080888926,1.0,65.69797185485967,1.0,-42.36095104597041,1.0,-3.4279699820540213,0.0,0.0,0.0,0.0,0.0,-28.33,-2.25,2.35,0.0,0.0,0.0,0.0,0.0,0.0,0.0,0.0,0.0,0.0
0.0,0.0,0.3018,-0.4201,-9.7863,-3.0338,16.47,-1.3998,0.0,0.0,0.0,0.0,2.4582,1.765,21.3,0.0,0.0,0.0,0.0,0.0,1.0,0.0,0.0,0.0,1.0,10.0,0.0,0.0,0.0,0.0,1.0,0.0,1.0,-3.7947143879172254,1.0,-40.06695190333437,1.0,62.09278058719724,1.0,-22.02582868386287,1.0,3.7947143879172254,0.0,0.0,0.0,0.0,0.0,12.08,10.49,2.48,0.0,0.0,0.0,0.0,1.0,10.0,0.0,0.0,0.0,0.0,1.0,0.0,1.0,3.9140688840071287,1.0,-24.48797284777226,1.0,67.57904664047666,1.0,-43.091073792704414,1.0,-3.9140688840071287,0.0,0.0,0.0,0.0,0.0,-27.85,-4.34,2.43,0.0,0.0,0.0,0.0,0.0,0.0,0.0,0.0,0.0,0.0
0.0,0.0,0.3249,-0.4088,-9.7861,-4.0938,17.0158,-2.9161,0.0,0.0,0.0,0.0,2.3919,1.9001,21.1864,0.0,0.0,0.0,0.0,0.0,1.0,0.0,0.0,0.0,1.0,10.0,0.0,0.0,0.0,0.0,1.0,0.0,1.0,-4.2254439902423995,1.0,-39.81352672775646,1.0,62.26920104961435,1.0,-22.455674321857895,1.0,4.2254439902423995,0.0,0.0,0.0,0.0,0.0,11.96,8.29,2.17,0.0,0.0,0.0,0.0,1.0,10.0,0.0,0.0,0.0,0.0,1.0,0.0,1.0,4.402839547455211,1.0,-25.678184039164766,1.0,69.43813024548707,1.0,-43.759946206322304,1.0,-4.402839547455211,0.0,0.0,0.0,0.0,0.0,-27.31,-6.23,2.51,0.0,0.0,0.0,0.0,0.0,0.0,0.0,0.0,0.0,0.0
0.0,0.0,0.3507,-0.4013,-9.7855,-4.8454,17.1288,-3.4894,0.0,0.0,0.0,0.0,2.3481,2.0506,21.0585,0.0,0.0,0.0,0.0,0.0,1.0,0.0,0.0,0.0,1.0,10.0,0.0,0.0,0.0,0.0,1.0,0.0,1.0,-4.6486804398727655,1.0,-39.519731409514264,1.0,62.46139469952504,1.0,-22.94166329001077,1.0,4.6486804398727655,0.0,0.0,0.0,0.0,0.0,11.79,5.99,1.74,0.0,0.0,0.0,0.0,1.0,10.0,0.0,0.0,0.0,0.0,1.0,0.0,1.0,4.893577151015468,1.0,-26.912154450600873,1.0,71.27293356265638,1.0,-44.360779112055496,1.0,-4.893577151015468,0.0,0.0,0.0,0.0,0.0,-26.69,-8.19,2.58,0.0,0.0,0.0,0.0,0.0,0.0,0.0,0.0,0.0,0.0
0.0,0.0,0.3658,-0.3951,-9.7852,-5.409,16.8177,-3.4357,0.0,0.0,0.0,0.0,2.3124,2.139,20.902,0.0,0.0,0.0,0.0,0.0,1.0,0.0,0.0,0.0,1.0,10.0,0.0,0.0,0.0,0.0,1.0,0.0,1.0,-4.6486804398727655,1.0,-39.519731409514264,1.0,62.46139469952504,1.0,-22.94166329001077,1.0,4.6486804398727655,0.0,0.0,0.0,0.0,0.0,11.94,3.86,1.34,0.0,0.0,0.0,0.0,1.0,10.0,0.0,0.0,0.0,0.0,1.0,0.0,1.0,4.893577151015468,1.0,-26.912154450600873,1.0,71.27293356265638,1.0,-44.360779112055496,1.0,-4.893577151015468,0.0,0.0,0.0,0.0,0.0,-25.92,-10.1,2.75,0.0,0.0,0.0,0.0,0.0,0.0,0.0,0.0,0.0,0.0
0.0,0.0,0.3697,-0.3842,-9.7855,-5.9291,15.9613,-2.9422,0.0,0.0,0.0,0.0,2.2483,2.162,20.7083,0.0,0.0,0.0,0.0,0.0,1.0,0.0,0.0,0.0,1.0,10.0,0.0,0.0,0.0,0.0,1.0,0.0,1.0,-5.455758659207493,1.0,-38.80162491162512,1.0,62.88010230684381,1.0,-24.078477395218695,1.0,5.455758659207493,0.0,0.0,0.0,0.0,0.0,12.34,1.61,0.96,0.0,0.0,0.0,0.0,1.0,10.0,0.0,0.0,0.0,0.0,1.0,0.0,1.0,5.8598553990987385,1.0,-29.488969938586184,1.0,74.79670089913468,1.0,-45.30773096054849,1.0,-5.8598553990987385,0.0,0.0,0.0,0.0,0.0,-24.84,-12.17,3.08,0.0,0.0,0.0,0.0,0.0,0.0,0.0,0.0,0.0,0.0
0.0,0.0,0.3599,-0.3647,-9.7866,-6.2625,15.2996,-2.6988,0.0,0.0,0.0,0.0,2.1339,2.1045,20.5201,0.0,0.0,0.0,0.0,0.0,1.0,0.0,0.0,0.0,1.0,10.0,0.0,0.0,0.0,0.0,1.0,0.0,1.0,-5.792772768943478,1.0,-38.420578680306626,1.0,63.075401334014245,1.0,-24.654822653707622,1.0,5.792772768943478,0.0,0.0,0.0,0.0,0.0,12.91,-0.48,0.66,0.0,0.0,0.0,0.0,1.0,10.0,0.0,0.0,0.0,0.0,1.0,0.0,1.0,6.275829191532029,1.0,-30.677781585400712,1.0,76.27904167537055,1.0,-45.601260089969834,1.0,-6.275829191532029,0.0,0.0,0.0,0.0,0.0,-23.5,-14.02,3.52,0.0,0.0,0.0,0.0,0.0,0.0,0.0,0.0,0.0,0.0
0.0,0.0,0.3361,-0.3462,-9.7881,-6.3246,14.9182,-2.745,0.0,0.0,0.0,0.0,2.0256,1.9656,20.3913,0.0,0.0,0.0,0.0,0.0,1.0,0.0,0.0,0.0,1.0,10.0,0.0,0.0,0.0,0.0,1.0,0.0,1.0,-6.10533595419084,1.0,-38.00866853772292,1.0,63.26740470401028,1.0,-25.258736166287356,1.0,6.10533595419084,0.0,0.0,0.0,0.0,0.0,13.51,-2.27,0.44,0.0,0.0,0.0,0.0,1.0,10.0,0.0,0.0,0.0,0.0,1.0,0.0,1.0,6.668520177409244,1.0,-31.859789244775676,1.0,77.66026825371934,1.0,-45.80047900894367,1.0,-6.668520177409244,0.0,0.0,0.0,0.0,0.0,-21.93,-15.32,3.88,0.0,0.0,0.0,0.0,0.0,0.0,0.0,0.0,0.0,0.0
0.0,0.0,0.2931,-0.3247,-9.7902,-6.4701,14.5391,-2.7964,0.0,0.0,0.0,0.0,1.8995,1.7137,20.2752,0.0,0.0,0.0,0.0,0.0,1.0,0.0,0.0,0.0,1.0,10.0,0.0,0.0,0.0,0.0,1.0,0.0,1.0,-6.39816463246333,1.0,-37.55654115518102,1.0,63.45684246833691,1.0,-25.900301313155882,1.0,6.39816463246333,0.0,0.0,0.0,0.0,0.0,14.26,-4.26,0.19,0.0,0.0,0.0,0.0,1.0,10.0,0.0,0.0,0.0,0.0,1.0,0.0,1.0,7.042626480039189,1.0,-33.05536396695732,1.0,78.96033655118222,1.0,-45.90497258422489,1.0,-7.042626480039189,0.0,0.0,0.0,0.0,0.0,-19.64,-16.54,4.25,0.0,0.0,0.0,0.0,0.0,0.0,0.0,0.0,0.0,0.0
0.0,0.0,0.245,-0.3046,-9.7922,-6.3291,14.0976,-2.672,0.0,0.0,0.0,0.0,1.7816,1.4327,20.1936,0.0,0.0,0.0,0.0,0.0,1.0,0.0,0.0,0.0,1.0,10.0,0.0,0.0,0.0,0.0,1.0,0.0,1.0,-6.667480902262063,1.0,-37.06488062823184,1.0,63.63928452945498,1.0,-26.57440390122314,1.0,6.667480902262063,0.0,0.0,0.0,0.0,0.0,14.95,-5.95,-0.02,0.0,0.0,0.0,0.0,1.0,10.0,0.0,0.0,0.0,0.0,1.0,0.0,1.0,7.3921471243846,1.0,-34.253848363548734,1.0,80.16155122618649,1.0,-45.90770286263775,1.0,-7.3921471243846,0.0,0.0,0.0,0.0,0.0,-17.32,-17.49,4.56,0.0,0.0,0.0,0.0,0.0,0.0,0.0,0.0,0.0,0.0
0.0,0.0,0.1801,-0.2765,-9.7944,-5.7598,13.7683,-2.2836,0.0,0.0,0.0,0.0,1.6169,1.0531,20.137,0.0,0.0,0.0,0.0,0.0,1.0,0.0,0.0,0.0,1.0,10.0,0.0,0.0,0.0,0.0,1.0,0.0,1.0,-6.893453354890561,1.0,-36.574534868451344,1.0,63.798475063609516,1.0,-27.223940195158175,1.0,6.893453354890561,0.0,0.0,0.0,0.0,0.0,15.76,-7.82,-0.17,0.0,0.0,0.0,0.0,1.0,10.0,0.0,0.0,0.0,0.0,1.0,0.0,1.0,7.689548397079766,1.0,-35.35878697478617,1.0,81.17379397129584,1.0,-45.815006996509666,1.0,-7.689548397079766,0.0,0.0,0.0,0.0,0.0,-14.46,-18.46,4.97,0.0,0.0,0.0,0.0,0.0,0.0,0.0,0.0,0.0,0.0
0.0,0.0,0.1194,-0.2484,-9.7961,-5.0466,13.5013,-1.925,0.0,0.0,0.0,0.0,1.4526,0.698,20.112,0.0,0.0,0.0,0.0,0.0,1.0,0.0,0.0,0.0,1.0,10.0,0.0,0.0,0.0,0.0,1.0,0.0,1.0,-7.103896055634579,1.0,-36.024842306582954,1.0,63.95176882090534,1.0,-27.92692651432239,1.0,7.103896055634579,0.0,0.0,0.0,0.0,0.0,16.43,-9.42,-0.24,0.0,0.0,0.0,0.0,1.0,10.0,0.0,0.0,0.0,0.0,1.0,0.0,1.0,7.9699774083294175,1.0,-36.50404703471608,1.0,82.12024421428077,1.0,-45.61619717956469,1.0,-7.9699774083294175,0.0,0.0,0.0,0.0,0.0,-11.87,-19.24,5.39,0.0,0.0,0.0,0.0,0.0,0.0,0.0,0.0,0.0,0.0
0.0,0.0,0.0669,-0.2204,-9.7973,-4.2035,13.2494,-1.6752,0.0,0.0,0.0,0.0,1.2888,0.3913,20.1021,0.0,0.0,0.0,0.0,0.0,1.0,0.0,0.0,0.0,1.0,10.0,0.0,0.0,0.0,0.0,1.0,0.0,1.0,-7.2873188231710175,1.0,-35.43181649399055,1.0,64.0893686731516,1.0,-28.65755217916105,1.0,7.2873188231710175,0.0,0.0,0.0,0.0,0.0,16.92,-10.77,-0.27,0.0,0.0,0.0,0.0,1.0,10.0,0.0,0.0,0.0,0.0,1.0,0.0,1.0,8.21717973491546,1.0,-37.64164338301008,1.0,82.94828842610028,1.0,-45.3066450430902,1.0,-8.21717973491546,0.0,0.0,0.0,0.0,0.0,-9.65,-19.89,5.81,0.0,0.0,0.0,0.0,0.0,0.0,0.0,0.0,0.0,0.0
0.0,0.0,-0.0032,-0.1781,-9.7984,-2.8189,12.8653,-1.3033,0.0,0.0,0.0,0.0,1.0414,-0.019,20.1012,0.0,0.0,0.0,0.0,0.0,1.0,0.0,0.0,0.0,1.0,10.0,0.0,0.0,0.0,0.0,1.0,0.0,1.0,-7.430149854968667,1.0,-34.84486179677017,1.0,64.19910227771737,1.0,-29.354240480947205,1.0,7.430149854968667,0.0,0.0,0.0,0.0,0.0,17.45,-12.53,-0.27,0.0,0.0,0.0,0.0,1.0,10.0,0.0,0.0,0.0,0.0,1.0,0.0,1.0,8.411497952310604,1.0,-38.67770863570096,1.0,83.59517880226937,1.0,-44.91747016656842,1.0,-8.411497952310604,0.0,0.0,0.0,0.0,0.0,-6.7,-20.77,6.47,0.0,0.0,0.0,0.0,0.0,0.0,0.0,0.0,0.0,0.0
0.0,0.0,-0.0629,-0.14,-9.7988,-1.6412,12.5146,-0.9346,0.0,0.0,0.0,0.0,0.8185,-0.3675,20.1104,0.0,0.0,0.0,0.0,0.0,1.0,0.0,0.0,0.0,1.0,10.0,0.0,0.0,0.0,0.0,1.0,0.0,1.0,-7.543276595211142,1.0,-34.23049689289354,1.0,64.28762736026397,1.0,-30.05713046737043,1.0,7.543276595211142,0.0,0.0,0.0,0.0,0.0,17.77,-14.05,-0.24,0.0,0.0,0.0,0.0,1.0,10.0,0.0,0.0,0.0,0.0,1.0,0.0,1.0,8.566551504909965,1.0,-39.67474637400828,1.0,84.10888223633498,1.0,-44.4341358623267,1.0,-8.566551504909965,0.0,0.0,0.0,0.0,0.0,-4.2,-21.54,7.12,0.0,0.0,0.0,0.0,0.0,0.0,0.0,0.0,0.0,0.0
0.0,0.0,-0.1098,-0.1072,-9.7988,-0.6848,12.0575,-0.5181,0.0,0.0,0.0,0.0,0.6267,-0.642,20.125,0.0,0.0,0.0,0.0,0.0,1.0,0.0,0.0,0.0,1.0,10.0,0.0,0.0,0.0,0.0,1.0,0.0,1.0,-7.625324229821221,1.0,-33.59402922644315,1.0,64.35272671826732,1.0,-30.758697491824172,1.0,7.625324229821221,0.0,0.0,0.0,0.0,0.0,17.93,-15.31,-0.18,0.0,0.0,0.0,0.0,1.0,10.0,0.0,0.0,0.0,0.0,1.0,0.0,1.0,8.679648424452669,1.0,-40.62023770286162,1.0,84.48222053486573,1.0,-43.86198283200411,1.0,-8.679648424452669,0.0,0.0,0.0,0.0,0.0,-2.17,-22.23,7.76,0.0,0.0,0.0,0.0,0.0,0.0,0.0,0.0,0.0,0.0
0.0,0.0,-0.1581,-0.0677,-9.7985,0.4711,11.3362,0.061,0.0,0.0,0.0,0.0,0.396,-0.9243,20.1464,0.0,0.0,0.0,0.0,0.0,1.0,0.0,0.0,0.0,1.0,10.0,0.0,0.0,0.0,0.0,1.0,0.0,1.0,-7.675741372999754,1.0,-32.940794488070225,1.0,64.3931033437635,1.0,-31.452308855693282,1.0,7.675741372999754,0.0,0.0,0.0,0.0,0.0,17.99,-16.72,-0.1,0.0,0.0,0.0,0.0,1.0,10.0,0.0,0.0,0.0,0.0,1.0,0.0,1.0,8.749414192217689,1.0,-41.50371103718933,1.0,84.711956315152,1.0,-43.20824527796267,1.0,-8.749414192217689,0.0,0.0,0.0,0.0,0.0,0.04,-23.05,8.59,0.0,0.0,0.0,0.0,0.0,0.0,0.0,0.0,0.0,0.0
0.0,0.0,-0.2,-0.0267,-9.7979,1.7408,10.5343,0.6233,0.0,0.0,0.0,0.0,0.1558,-1.1693,20.1692,0.0,0.0,0.0,0.0,0.0,1.0,0.0,0.0,0.0,1.0,10.0,0.0,0.0,0.0,0.0,1.0,0.0,1.0,-7.694780359760898,1.0,-32.23717917433545,1.0,64.40842489166677,1.0,-32.17124571733131,1.0,7.694780359760898,0.0,0.0,0.0,0.0,0.0,17.89,-18.03,0.01,0.0,0.0,0.0,0.0,1.0,10.0,0.0,0.0,0.0,0.0,1.0,0.0,1.0,8.775813340470334,1.0,-42.36161380083739,1.0,84.79877626568326,1.0,-42.43716246484587,1.0,-8.775813340470334,0.0,0.0,0.0,0.0,0.0,2.05,-23.8,9.53,0.0,0.0,0.0,0.0,0.0,0.0,0.0,0.0,0.0,0.0
0.0,0.0,-0.2436,0.021,-9.797,3.1664,9.6164,1.0768,0.0,0.0,0.0,0.0,-0.1226,-1.4242,20.196,0.0,0.0,0.0,0.0,0.0,1.0,0.0,0.0,0.0,1.0,10.0,0.0,0.0,0.0,0.0,1.0,0.0,1.0,-7.680277609642773,1.0,-31.54850174595536,1.0,64.39675017083013,1.0,-32.84824842487476,1.0,7.680277609642773,0.0,0.0,0.0,0.0,0.0,17.57,-19.41,0.15,0.0,0.0,0.0,0.0,1.0,10.0,0.0,0.0,0.0,0.0,1.0,0.0,1.0,8.755701395203701,1.0,-43.11062568493682,1.0,84.73263882388797,1.0,-41.62201313895115,1.0,-8.755701395203701,0.0,0.0,0.0,0.0,0.0,4.08,-24.52,10.68,0.0,0.0,0.0,0.0,0.0,0.0,0.0,0.0,0.0,0.0
0.0,0.0,-0.2719,0.0557,-9.7961,4.0749,8.9303,1.2583,0.0,0.0,0.0,0.0,-0.3257,-1.5897,20.2156,0.0,0.0,0.0,0.0,0.0,1.0,0.0,0.0,0.0,1.0,10.0,0.0,0.0,0.0,0.0,1.0,0.0,1.0,-7.633508400966362,1.0,-30.84762663775086,1.0,64.35926164988712,1.0,-33.51163501213625,1.0,7.633508400966362,0.0,0.0,0.0,0.0,0.0,17.21,-20.37,0.26,0.0,0.0,0.0,0.0,1.0,10.0,0.0,0.0,0.0,0.0,1.0,0.0,1.0,8.690959468087055,1.0,-43.783070345119384,1.0,84.51949643311387,1.0,-40.73642608799449,1.0,-8.690959468087055,0.0,0.0,0.0,0.0,0.0,5.41,-24.95,11.57,0.0,0.0,0.0,0.0,0.0,0.0,0.0,0.0,0.0,0.0
0.0,0.0,-0.3018,0.0988,-9.7949,5.1402,8.0897,1.3292,0.0,0.0,0.0,0.0,-0.5777,-1.7649,20.24,0.0,0.0,0.0,0.0,0.0,1.0,0.0,0.0,0.0,1.0,10.0,0.0,0.0,0.0,0.0,1.0,0.0,1.0,-7.550665376224551,1.0,-30.110956809241998,1.0,64.2934590155333,1.0,-34.1825022062913,1.0,7.550665376224551,0.0,0.0,0.0,0.0,0.0,16.58,-21.53,0.42,0.0,0.0,0.0,0.0,1.0,10.0,0.0,0.0,0.0,0.0,1.0,0.0,1.0,8.57671426343239,1.0,-44.3934065397689,1.0,84.14247658114864,1.0,-39.749070041379746,1.0,-8.57671426343239,0.0,0.0,0.0,0.0,0.0,6.91,-25.37,12.78,0.0,0.0,0.0,0.0,0.0,0.0,0.0,0.0,0.0,0.0
0.0,0.0,-0.3196,0.132,-9.7939,5.871,7.4285,1.3425,0.0,0.0,0.0,0.0,-0.7724,-1.869,20.2612,0.0,0.0,0.0,0.0,0.0,1.0,0.0,0.0,0.0,1.0,10.0,0.0,0.0,0.0,0.0,1.0,0.0,1.0,-7.434328959139568,1.0,-29.377170774477936,1.0,64.20234716211996,1.0,-34.82517638764203,1.0,7.434328959139568,0.0,0.0,0.0,0.0,0.0,15.9,-22.45,0.55,0.0,0.0,0.0,0.0,1.0,10.0,0.0,0.0,0.0,0.0,1.0,0.0,1.0,8.417207787817208,1.0,-44.90313091234119,1.0,83.61413452884567,1.0,-38.711003616504485,1.0,-8.417207787817208,0.0,0.0,0.0,0.0,0.0,7.98,-25.64,13.82,0.0,0.0,0.0,0.0,0.0,0.0,0.0,0.0,0.0,0.0
0.0,0.0,-0.329,0.1608,-9.7932,6.5633,6.8567,1.3952,0.0,0.0,0.0,0.0,-0.9408,-1.9241,20.2676,0.0,0.0,0.0,0.0,0.0,1.0,0.0,0.0,0.0,1.0,10.0,0.0,0.0,0.0,0.0,1.0,0.0,1.0,-7.286199615393071,1.0,-28.652630092463163,1.0,64.0885177643143,1.0,-35.43588767185115,1.0,7.286199615393071,0.0,0.0,0.0,0.0,0.0,15.12,-23.31,0.69,0.0,0.0,0.0,0.0,1.0,10.0,0.0,0.0,0.0,0.0,1.0,0.0,1.0,8.215663413929157,1.0,-45.30907160346923,1.0,82.9432268065343,1.0,-37.63415520306506,1.0,-8.215663413929157,0.0,0.0,0.0,0.0,0.0,9.14,-25.76,14.65,0.0,0.0,0.0,0.0,0.0,0.0,0.0,0.0,0.0,0.0
0.0,0.0,-0.3348,0.189,-9.7925,7.4476,6.2382,1.3416,0.0,0.0,0.0,0.0,-1.1059,-1.9577,20.2425,0.0,0.0,0.0,0.0,0.0,1.0,0.0,0.0,0.0,1.0,10.0,0.0,0.0,0.0,0.0,1.0,0.0,1.0,-7.107845172589591,1.0,-27.941300237013618,1.0,63.95469216279427,1.0,-36.01339192578065,1.0,7.107845172589591,0.0,0.0,0.0,0.0,0.0,14.07,-24.25,0.86,0.0,0.0,0.0,0.0,1.0,10.0,0.0,0.0,0.0,0.0,1.0,0.0,1.0,7.975272263346091,1.0,-45.61110331016813,1.0,82.13804105914976,1.0,-36.526937748981624,1.0,-7.975272263346091,0.0,0.0,0.0,0.0,0.0,10.91,-25.6,15.21,0.0,0.0,0.0,0.0,0.0,0.0,0.0,0.0,0.0,0.0
0.0,0.0,-0.3368,0.2116,-9.7919,8.3019,5.5416,1.3209,0.0,0.0,0.0,0.0,-1.2381,-1.9696,20.2019,0.0,0.0,0.0,0.0,0.0,1.0,0.0,0.0,0.0,1.0,10.0,0.0,0.0,0.0,0.0,1.0,0.0,1.0,-6.9007626958076305,1.0,-27.246556267008557,1.0,63.803717744503444,1.0,-36.55716147749489,1.0,6.9007626958076305,0.0,0.0,0.0,0.0,0.0,13.04,-25.01,1.0,0.0,0.0,0.0,0.0,1.0,10.0,0.0,0.0,0.0,0.0,1.0,0.0,1.0,7.699232139351917,1.0,-45.810173559936715,1.0,81.20660507813807,1.0,-35.39643151820136,1.0,-7.699232139351917,0.0,0.0,0.0,0.0,0.0,12.81,-25.13,15.39,0.0,0.0,0.0,0.0,0.0,0.0,0.0,0.0,0.0,0.0
0.0,0.0,-0.3346,0.2383,-9.7914,9.2452,4.6323,1.5225,0.0,0.0,0.0,0.0,-1.3939,-1.9565,20.1583,0.0,0.0,0.0,0.0,0.0,1.0,0.0,0.0,0.0,1.0,10.0,0.0,0.0,0.0,0.0,1.0,0.0,1.0,-6.64061912757715,1.0,-26.502815682147652,1.0,63.6207327792302,1.0,-37.117917097082554,1.0,6.64061912757715,0.0,0.0,0.0,0.0,0.0,11.73,-25.74,1.17,0.0,0.0,0.0,0.0,1.0,10.0,0.0,0.0,0.0,0.0,1.0,0.0,1.0,7.357047143932306,1.0,-45.91232764281223,1.0,80.04149308875493,1.0,-34.1291654459427,1.0,-7.357047143932306,0.0,0.0,0.0,0.0,0.0,15.29,-24.29,15.37,0.0,0.0,0.0,0.0,0.0,0.0,0.0,0.0,0.0,0.0
0.0,0.0,-0.3269,0.2604,-9.7911,10.0894,4.096,1.5547,0.0,0.0,0.0,0.0,-1.5237,-1.9115,20.1328,0.0,0.0,0.0,0.0,0.0,1.0,0.0,0.0,0.0,1.0,10.0,0.0,0.0,0.0,0.0,1.0,0.0,1.0,-6.37197028151209,1.0,-25.839414544560256,1.0,63.43951859743595,1.0,-37.60010405287569,1.0,6.37197028151209,0.0,0.0,0.0,0.0,0.0,10.5,-26.26,1.3,0.0,0.0,0.0,0.0,1.0,10.0,0.0,0.0,0.0,0.0,1.0,0.0,1.0,7.00891241868548,1.0,-45.89947739237332,1.0,78.84379239347673,1.0,-32.94431500110342,1.0,-7.00891241868548,0.0,0.0,0.0,0.0,0.0,17.56,-23.34,15.23,0.0,0.0,0.0,0.0,0.0,0.0,0.0,0.0,0.0,0.0
0.0,0.0,-0.3186,0.283,-9.7907,11.3044,3.5696,1.3646,0.0,0.0,0.0,0.0,-1.6559,-1.8629,20.1374,0.0,0.0,0.0,0.0,0.0,1.0,0.0,0.0,0.0,1.0,10.0,0.0,0.0,0.0,0.0,1.0,0.0,1.0,-6.0556473734842795,1.0,-25.15764453252541,1.0,63.23617924502906,1.0,-38.078534712503654,1.0,6.0556473734842795,0.0,0.0,0.0,0.0,0.0,8.99,-26.75,1.42,0.0,0.0,0.0,0.0,1.0,10.0,0.0,0.0,0.0,0.0,1.0,0.0,1.0,6.6056411432800255,1.0,-45.77426202870156,1.0,77.4402591538712,1.0,-31.665997125169643,1.0,-6.6056411432800255,0.0,0.0,0.0,0.0,0.0,19.9,-22.18,14.94,0.0,0.0,0.0,0.0,0.0,0.0,0.0,0.0,0.0,0.0
0.0,0.0,-0.3116,0.3021,-9.7904,12.1844,3.1548,1.0598,0.0,0.0,0.0,0.0,-1.7676,-1.8219,20.1802,0.0,0.0,0.0,0.0,0.0,1.0,0.0,0.0,0.0,1.0,10.0,0.0,0.0,0.0,0.0,1.0,0.0,1.0,-5.726976660301171,1.0,-24.53668382736258,1.0,63.03631935993207,1.0,-38.4996355325695,1.0,5.726976660301171,0.0,0.0,0.0,0.0,0.0,7.6,-27.06,1.48,0.0,0.0,0.0,0.0,1.0,10.0,0.0,0.0,0.0,0.0,1.0,0.0,1.0,6.194018913857032,1.0,-45.549786761576705,1.0,75.98909205166801,1.0,-30.43930529009131,1.0,-6.194018913857032,0.0,0.0,0.0,0.0,0.0,21.51,-21.23,14.56,0.0,0.0,0.0,0.0,0.0,0.0,0.0,0.0,0.0,0.0
0.0,0.0,-0.3011,0.3195,-9.7902,13.0013,2.6548,0.7861,0.0,0.0,0.0,0.0,-1.8693,-1.7609,20.2544,0.0,0.0,0.0,0.0,0.0,1.0,0.0,0.0,0.0,1.0,10.0,0.0,0.0,0.0,0.0,1.0,0.0,1.0,-5.391544905333877,1.0,-23.976280608081325,1.0,62.844263840261625,1.0,-38.8679832321803,1.0,5.391544905333877,0.0,0.0,0.0,0.0,0.0,6.16,-27.29,1.49,0.0,0.0,0.0,0.0,1.0,10.0,0.0,0.0,0.0,0.0,1.0,0.0,1.0,5.781451717739311,1.0,-45.243981195706716,1.0,74.51503109228078,1.0,-29.271049896574063,1.0,-5.781451717739311,0.0,0.0,0.0,0.0,0.0,22.64,-20.4,14.05,0.0,0.0,0.0,0.0,0.0,0.0,0.0,0.0,0.0,0.0
0.0,0.0,-0.2836,0.3409,-9.79,13.9885,1.7926,0.6433,0.0,0.0,0.0,0.0,-1.9943,-1.6584,20.3678,0.0,0.0,0.0,0.0,0.0,1.0,0.0,0.0,0.0,1.0,10.0,0.0,0.0,0.0,0.0,1.0,0.0,1.0,-5.03592463874582,1.0,-23.44912144361293,1.0,62.65370808344786,1.0,-39.20458663983493,1.0,5.03592463874582,0.0,0.0,0.0,0.0,0.0,4.43,-27.41,1.46,0.0,0.0,0.0,0.0,1.0,10.0,0.0,0.0,0.0,0.0,1.0,0.0,1.0,5.352077017761532,1.0,-44.85213355900614,1.0,72.95933725503835,1.0,-28.107203696032215,1.0,-5.352077017761532,0.0,0.0,0.0,0.0,0.0,23.32,-19.57,13.34,0.0,0.0,0.0,0.0,0.0,0.0,0.0,0.0,0.0,0.0
0.0,0.0,-0.2606,0.3617,-9.7899,14.1805,0.782,1.0012,0.0,0.0,0.0,0.0,-2.1158,-1.5238,20.4641,0.0,0.0,0.0,0.0,0.0,1.0,0.0,0.0,0.0,1.0,10.0,0.0,0.0,0.0,0.0,1.0,0.0,1.0,-4.631842823324193,1.0,-22.921022686530204,1.0,62.453390467959494,1.0,-39.532367781429286,1.0,4.631842823324193,0.0,0.0,0.0,0.0,0.0,2.81,-27.43,1.44,0.0,0.0,0.0,0.0,1.0,10.0,0.0,0.0,0.0,0.0,1.0,0.0,1.0,4.873850019181345,1.0,-44.33807136260698,1.0,71.1997780546741,1.0,-26.861706692067116,1.0,-4.873850019181345,0.0,0.0,0.0,0.0,0.0,23.46,-18.87,12.64,0.0,0.0,0.0,0.0,0.0,0.0,0.0,0.0,0.0,0.0
0.0,0.0,-0.224,0.3836,-9.7899,14.1805,-0.2642,1.3691,0.0,0.0,0.0,0.0,-2.2436,-1.31,20.5377,0.0,0.0,0.0,0.0,0.0,1.0,0.0,0.0,0.0,1.0,10.0,0.0,0.0,0.0,0.0,1.0,0.0,1.0,-4.206475136566331,1.0,-22.4354262148097,1.0,62.261025353909126,1.0,-39.825599139099424,1.0,4.206475136566331,0.0,0.0,0.0,0.0,0.0,0.89,-27.38,1.45,0.0,0.0,0.0,0.0,1.0,10.0,0.0,0.0,0.0,0.0,1.0,0.0,1.0,4.381091908578478,1.0,-43.7316377504609,1.0,69.35608916990157,1.0,-25.62445141944066,1.0,-4.381091908578478,0.0,0.0,0.0,0.0,0.0,23.1,-18.09,11.83,0.0,0.0,0.0,0.0,0.0,0.0,0.0,0.0,0.0,0.0
0.0,0.0,-0.1868,0.4006,-9.79,14.1981,-1.2243,1.5897,0.0,0.0,0.0,0.0,-2.3429,-1.0923,20.5746,0.0,0.0,0.0,0.0,0.0,1.0,0.0,0.0,0.0,1.0,10.0,0.0,0.0,0.0,0.0,1.0,0.0,1.0,-3.7679230436980244,1.0,-22.001085885724464,1.0,62.08244368019205,1.0,-40.081357794467586,1.0,3.7679230436980244,0.0,0.0,0.0,0.0,0.0,-0.83,-27.25,1.5,0.0,0.0,0.0,0.0,1.0,10.0,0.0,0.0,0.0,0.0,1.0,0.0,1.0,3.8840114809155195,1.0,-43.047763077113736,1.0,67.4636701058233,1.0,-24.41590702870956,1.0,-3.8840114809155195,0.0,0.0,0.0,0.0,0.0,22.46,-17.52,11.11,0.0,0.0,0.0,0.0,0.0,0.0,0.0,0.0,0.0,0.0
0.0,0.0,-0.1476,0.4165,-9.79,14.1194,-2.1321,1.6685,0.0,0.0,0.0,0.0,-2.4361,-0.8627,20.5892,0.0,0.0,0.0,0.0,0.0,1.0,0.0,0.0,0.0,1.0,10.0,0.0,0.0,0.0,0.0,1.0,0.0,1.0,-3.315572624449289,1.0,-21.61620094681655,1.0,61.91912373926524,1.0,-40.30292279244868,1.0,3.315572624449289,0.0,0.0,0.0,0.0,0.0,-2.58,-27.01,1.57,0.0,0.0,0.0,0.0,1.0,10.0,0.0,0.0,0.0,0.0,1.0,0.0,1.0,3.38240337052827,1.0,-42.28932664811976,1.0,65.51997279612779,1.0,-23.230646148008024,1.0,-3.38240337052827,0.0,0.0,0.0,0.0,0.0,21.58,-17.02,10.4,0.0,0.0,0.0,0.0,0.0,0.0,0.0,0.0,0.0,0.0
0.0,0.0,-0.1065,0.4296,-9.79,13.7737,-3.0962,1.6746,0.0,0.0,0.0,0.0,-2.5128,-0.6229,20.5872,0.0,0.0,0.0,0.0,0.0,1.0,0.0,0.0,0.0,1.0,10.0,0.0,0.0,0.0,0.0,1.0,0.0,1.0,-2.8493051244670213,1.0,-21.28055262278492,1.0,61.772853937686385,1.0,-40.49230131490146,1.0,2.8493051244670213,0.0,0.0,0.0,0.0,0.0,-4.31,-26.69,1.64,0.0,0.0,0.0,0.0,1.0,10.0,0.0,0.0,0.0,0.0,1.0,0.0,1.0,2.8765991567536227,1.0,-41.45889023387901,1.0,63.5247185561436,1.0,-22.06582832226459,1.0,-2.8765991567536227,0.0,0.0,0.0,0.0,0.0,20.48,-16.48,9.67,0.0,0.0,0.0,0.0,0.0,0.0,0.0,0.0,0.0,0.0
0.0,0.0,-0.0639,0.441,-9.7899,13.4341,-4.1515,1.6574,0.0,0.0,0.0,0.0,-2.5791,-0.3738,20.5755,0.0,0.0,0.0,0.0,0.0,1.0,0.0,0.0,0.0,1.0,10.0,0.0,0.0,0.0,0.0,1.0,0.0,1.0,-2.3728689230119717,1.0,-20.996794082873475,1.0,61.64643307322049,1.0,-40.649638990347015,1.0,2.3728689230119717,0.0,0.0,0.0,0.0,0.0,-6.0,-26.25,1.7,0.0,0.0,0.0,0.0,1.0,10.0,0.0,0.0,0.0,0.0,1.0,0.0,1.0,2.3728689230119717,1.0,-40.649638990347015,1.0,61.64643307322049,1.0,-20.996794082873475,1.0,-2.3728689230119717,0.0,0.0,0.0,0.0,0.0,19.16,-15.85,8.93,0.0,0.0,0.0,0.0,0.0,0.0,0.0,0.0,0.0,0.0
0.0,0.0,-0.0166,0.4537,-9.7895,13.0057,-5.4528,1.6316,0.0,0.0,0.0,0.0,-2.6537,-0.0969,20.5576,0.0,0.0,0.0,0.0,0.0,1.0,0.0,0.0,0.0,1.0,10.0,0.0,0.0,0.0,0.0,1.0,0.0,1.0,-1.8814254404859976,1.0,-20.762877788773164,1.0,61.54033026926316,1.0,-40.77745248048999,1.0,1.8814254404859976,0.0,0.0,0.0,0.0,0.0,-7.88,-25.58,1.78,0.0,0.0,0.0,0.0,1.0,10.0,0.0,0.0,0.0,0.0,1.0,0.0,1.0,1.8814254404859976,1.0,-40.77745248048999,1.0,61.54033026926316,1.0,-20.762877788773164,1.0,-1.8814254404859976,0.0,0.0,0.0,0.0,0.0,17.35,-15.03,8.05,0.0,0.0,0.0,0.0,0.0,0.0,0.0,0.0,0.0,0.0
0.0,0.0,0.0242,0.4646,-9.7889,12.5404,-6.6235,1.7119,0.0,0.0,0.0,0.0,-2.7176,0.1414,20.5422,0.0,0.0,0.0,0.0,0.0,1.0,0.0,0.0,0.0,1.0,10.0,0.0,0.0,0.0,0.0,1.0,0.0,1.0,-1.3686159378423024,1.0,-20.579215703771666,1.0,61.45583503762371,1.0,-40.87661933385204,1.0,1.3686159378423024,0.0,0.0,0.0,0.0,0.0,-9.47,-24.84,1.86,0.0,0.0,0.0,0.0,1.0,10.0,0.0,0.0,0.0,0.0,1.0,0.0,1.0,1.3686159378423024,1.0,-40.87661933385204,1.0,61.45583503762371,1.0,-20.579215703771666,1.0,-1.3686159378423024,0.0,0.0,0.0,0.0,0.0,15.64,-14.22,7.31,0.0,0.0,0.0,0.0,0.0,0.0,0.0,0.0,0.0,0.0
0.0,0.0,0.0644,0.4747,-9.7883,12.037,-7.8314,1.8286,0.0,0.0,0.0,0.0,-2.7766,0.3766,20.5241,0.0,0.0,0.0,0.0,0.0,1.0,0.0,0.0,0.0,1.0,10.0,0.0,0.0,0.0,0.0,1.0,0.0,1.0,-0.8718377822643681,1.0,-20.45789411480929,1.0,61.39945017460269,1.0,-40.941556059793406,1.0,0.8718377822643681,0.0,0.0,0.0,0.0,0.0,-10.99,-23.95,1.94,0.0,0.0,0.0,0.0,1.0,10.0,0.0,0.0,0.0,0.0,1.0,0.0,1.0,0.8718377822643681,1.0,-40.941556059793406,1.0,61.39945017460269,1.0,-20.45789411480929,1.0,-0.8718377822643681,0.0,0.0,0.0,0.0,0.0,14.07,-13.27,6.62,0.0,0.0,0.0,0.0,0.0,0.0,0.0,0.0,0.0,0.0
0.0,0.0,0.1096,0.4825,-9.7875,11.3349,-8.7983,1.6864,0.0,0.0,0.0,0.0,-2.8221,0.6409,20.4969,0.0,0.0,0.0,0.0,0.0,1.0,0.0,0.0,0.0,1.0,10.0,0.0,0.0,0.0,0.0,1.0,0.0,1.0,-0.3539503515421842,1.0,-20.389160268592082,1.0,61.36730526834114,1.0,-40.978144999749055,1.0,0.3539503515421842,0.0,0.0,0.0,0.0,0.0,-12.66,-22.79,2.02,0.0,0.0,0.0,0.0,1.0,10.0,0.0,0.0,0.0,0.0,1.0,0.0,1.0,0.3539503515421842,1.0,-40.978144999749055,1.0,61.36730526834114,1.0,-20.389160268592082,1.0,-0.3539503515421842,0.0,0.0,0.0,0.0,0.0,12.68,-11.98,5.91,0.0,0.0,0.0,0.0,0.0,0.0,0.0,0.0,0.0,0.0
0.0,0.0,0.1487,0.4812,-9.787,10.667,-9.458,1.1708,0.0,0.0,0.0,0.0,-2.815,0.8694,20.4618,0.0,0.0,0.0,0.0,0.0,1.0,0.0,0.0,0.0,1.0,10.0,0.0,0.0,0.0,0.0,1.0,0.0,1.0,0.1890492333853133,1.0,-20.37949207658571,1.0,61.36277211303162,1.0,-40.983280036445905,1.0,-0.1890492333853133,0.0,0.0,0.0,0.0,0.0,-14.04,-21.68,2.07,0.0,0.0,0.0,0.0,1.0,10.0,0.0,0.0,0.0,0.0,1.0,0.0,1.0,-0.1890492333853133,1.0,-40.983280036445905,1.0,61.36277211303162,1.0,-20.37949207658571,1.0,0.1890492333853133,0.0,0.0,0.0,0.0,0.0,12.03,-10.67,5.3,0.0,0.0,0.0,0.0,0.0,0.0,0.0,0.0,0.0,0.0
0.0,0.0,0.1878,0.4747,-9.7867,10.1384,-10.2602,0.6345,0.0,0.0,0.0,0.0,-2.777,1.0978,20.42,0.0,0.0,0.0,0.0,0.0,1.0,0.0,0.0,0.0,1.0,10.0,0.0,0.0,0.0,0.0,1.0,0.0,1.0,0.6954093589472686,1.0,-20.427914967089592,1.0,61.385447566859966,1.0,-40.957532599770374,1.0,-0.6954093589472686,0.0,0.0,0.0,0.0,0.0,-15.37,-20.49,2.09,0.0,0.0,0.0,0.0,1.0,10.0,0.0,0.0,0.0,0.0,1.0,0.0,1.0,-0.6954093589472686,1.0,-40.957532599770374,1.0,61.385447566859966,1.0,-20.427914967089592,1.0,0.6954093589472686,0.0,0.0,0.0,0.0,0.0,11.96,-9.15,4.67,0.0,0.0,0.0,0.0,0.0,0.0,0.0,0.0,0.0,0.0
0.0,0.0,0.2239,0.4662,-9.7863,9.9139,-11.1932,0.4868,0.0,0.0,0.0,0.0,-2.7275,1.309,20.3834,0.0,0.0,0.0,0.0,0.0,1.0,0.0,0.0,0.0,1.0,10.0,0.0,0.0,0.0,0.0,1.0,0.0,1.0,1.2077532126763602,1.0,-20.53391787863313,1.0,61.434835552003285,1.0,-40.90091767337015,1.0,-1.2077532126763602,0.0,0.0,0.0,0.0,0.0,-16.65,-19.19,2.1,0.0,0.0,0.0,0.0,1.0,10.0,0.0,0.0,0.0,0.0,1.0,0.0,1.0,-1.2077532126763602,1.0,-40.90091767337015,1.0,61.434835552003285,1.0,-20.53391787863313,1.0,1.2077532126763602,0.0,0.0,0.0,0.0,0.0,12.31,-7.4,4.02,0.0,0.0,0.0,0.0,0.0,0.0,0.0,0.0,0.0,0.0
0.0,0.0,0.2566,0.4561,-9.786,9.9441,-12.3101,0.6033,0.0,0.0,0.0,0.0,-2.6684,1.5003,20.3643,0.0,0.0,0.0,0.0,0.0,1.0,0.0,0.0,0.0,1.0,10.0,0.0,0.0,0.0,0.0,1.0,0.0,1.0,1.7067772138870523,1.0,-20.693534270171263,1.0,61.508550591424736,1.0,-40.815016321253474,1.0,-1.7067772138870523,0.0,0.0,0.0,0.0,0.0,-18.02,-17.56,2.14,0.0,0.0,0.0,0.0,1.0,10.0,0.0,0.0,0.0,0.0,1.0,0.0,1.0,-1.7067772138870523,1.0,-40.815016321253474,1.0,61.508550591424736,1.0,-20.69353427017126,1.0,1.7067772138870523,0.0,0.0,0.0,0.0,0.0,12.88,-5.18,3.36,0.0,0.0,0.0,0.0,0.0,0.0,0.0,0.0,0.0,0.0
0.0,0.0,0.2764,0.4465,-9.7859,10.0377,-13.2222,0.6275,0.0,0.0,0.0,0.0,-2.6124,1.6163,20.3814,0.0,0.0,0.0,0.0,0.0,1.0,0.0,0.0,0.0,1.0,10.0,0.0,0.0,0.0,0.0,1.0,0.0,1.0,2.176845889526648,1.0,-20.896521403272548,1.0,61.60115820177516,1.0,-40.70463679850261,1.0,-2.176845889526648,0.0,0.0,0.0,0.0,0.0,-19.16,-16.0,2.2,0.0,0.0,0.0,0.0,1.0,10.0,0.0,0.0,0.0,0.0,1.0,0.0,1.0,-2.176845889526648,1.0,-40.70463679850261,1.0,61.60115820177516,1.0,-20.896521403272548,1.0,2.176845889526648,0.0,0.0,0.0,0.0,0.0,13.11,-3.18,2.94,0.0,0.0,0.0,0.0,0.0,0.0,0.0,0.0,0.0,0.0
0.0,0.0,0.2896,0.4356,-9.786,10.1563,-14.0716,0.4626,0.0,0.0,0.0,0.0,-2.5484,1.6935,20.4268,0.0,0.0,0.0,0.0,0.0,1.0,0.0,0.0,0.0,1.0,10.0,0.0,0.0,0.0,0.0,1.0,0.0,1.0,2.682749732092189,1.0,-21.626769355014194,1.0,62.75055897197108,1.0,-41.123789616956884,1.0,-2.682749732092189,0.0,0.0,0.0,0.0,0.0,-20.25,-14.34,2.28,0.0,0.0,0.0,0.0,1.0,10.0,0.0,0.0,0.0,0.0,1.0,0.0,1.0,-2.6678818572626897,1.0,-40.55630602055811,1.0,61.72197381254645,1.0,-21.16566779198834,1.0,2.6678818572626897,0.0,0.0,0.0,0.0,0.0,12.88,-1.21,2.69,0.0,0.0,0.0,0.0,0.0,0.0,0.0,0.0,0.0,0.0
0.0,0.0,0.2986,0.4231,-9.7863,10.0493,-14.8942,-0.1474,0.0,0.0,0.0,0.0,-2.4756,1.746,20.4898,0.0,0.0,0.0,0.0,0.0,1.0,0.0,0.0,0.0,1.0,10.0,0.0,0.0,0.0,0.0,1.0,0.0,1.0,3.200511974938229,1.0,-22.80845290771014,1.0,64.80656986716707,1.0,-41.99811695945694,1.0,-3.200511974938229,0.0,0.0,0.0,0.0,0.0,-21.3,-12.57,2.39,0.0,0.0,0.0,0.0,1.0,10.0,0.0,0.0,0.0,0.0,1.0,0.0,1.0,-3.1490782183468204,1.0,-40.374828981840835,1.0,61.86432728182249,1.0,-21.48949829998166,1.0,3.1490782183468204,0.0,0.0,0.0,0.0,0.0,12.21,0.71,2.55,0.0,0.0,0.0,0.0,0.0,0.0,0.0,0.0,0.0,0.0
0.0,0.0,0.3103,0.409,-9.7865,9.6432,-15.5883,-1.2932,0.0,0.0,0.0,0.0,-2.3933,1.8145,20.5727,0.0,0.0,0.0,0.0,0.0,1.0,0.0,0.0,0.0,1.0,10.0,0.0,0.0,0.0,0.0,1.0,0.0,1.0,3.7034928247098664,1.0,-23.985649777162898,1.0,66.76815176502191,1.0,-42.78250198785901,1.0,-3.7034928247098664,0.0,0.0,0.0,0.0,0.0,-22.31,-10.71,2.53,0.0,0.0,0.0,0.0,1.0,10.0,0.0,0.0,0.0,0.0,1.0,0.0,1.0,-3.60627436668888,1.0,-40.16513835568828,1.0,62.02165213660391,1.0,-21.856513780915627,1.0,3.60627436668888,0.0,0.0,0.0,0.0,0.0,11.16,2.52,2.4,0.0,0.0,0.0,0.0,0.0,0.0,0.0,0.0,0.0,0.0
0.0,0.0,0.3288,0.3917,-9.7866,9.0059,-15.9665,-3.0578,0.0,0.0,0.0,0.0,-2.2921,1.9225,20.6791,0.0,0.0,0.0,0.0,0.0,1.0,0.0,0.0,0.0,1.0,10.0,0.0,0.0,0.0,0.0,1.0,0.0,1.0,4.210824031084444,1.0,-25.206340218071116,1.0,68.71159797542586,1.0,-43.50525775735475,1.0,-4.210824031084444,0.0,0.0,0.0,0.0,0.0,-23.25,-8.8,2.66,0.0,0.0,0.0,0.0,1.0,10.0,0.0,0.0,0.0,0.0,1.0,0.0,1.0,-4.057333666562506,1.0,-39.917495544081554,1.0,62.198050339539556,1.0,-22.280554795458002,1.0,4.057333666562506,0.0,0.0,0.0,0.0,0.0,9.79,4.11,2.09,0.0,0.0,0.0,0.0,0.0,0.0,0.0,0.0,0.0,0.0
0.0,0.0,0.3491,0.3705,-9.7868,8.0167,-15.9522,-3.4412,0.0,0.0,0.0,0.0,-2.1679,2.0415,20.8019,0.0,0.0,0.0,0.0,0.0,1.0,0.0,0.0,0.0,1.0,10.0,0.0,0.0,0.0,0.0,1.0,0.0,1.0,4.68501130573654,1.0,-26.382494807569735,1.0,70.49696016446647,1.0,-44.11446535689674,1.0,-4.68501130573654,0.0,0.0,0.0,0.0,0.0,-24.07,-6.9,2.79,0.0,0.0,0.0,0.0,1.0,10.0,0.0,0.0,0.0,0.0,1.0,0.0,1.0,-4.469920881264696,1.0,-39.64973575458873,1.0,62.37793338647541,1.0,-22.728197631886683,1.0,4.469920881264696,0.0,0.0,0.0,0.0,0.0,8.44,5.7,1.66,0.0,0.0,0.0,0.0,0.0,0.0,0.0,0.0,0.0,0.0
0.0,0.0,0.3617,0.3517,-9.787,7.3291,-16.0534,-3.3595,0.0,0.0,0.0,0.0,-2.0582,2.115,20.9154,0.0,0.0,0.0,0.0,0.0,1.0,0.0,0.0,0.0,1.0,10.0,0.0,0.0,0.0,0.0,1.0,0.0,1.0,5.1621283024198155,1.0,-27.606661897837665,1.0,72.26389572343535,1.0,-44.65723382559769,1.0,-5.1621283024198155,0.0,0.0,0.0,0.0,0.0,-24.62,-5.28,2.96,0.0,0.0,0.0,0.0,1.0,10.0,0.0,0.0,0.0,0.0,1.0,0.0,1.0,-4.87644501794681,1.0,-39.340293217619305,1.0,62.57259515056769,1.0,-23.232301932948392,1.0,4.87644501794681,0.0,0.0,0.0,0.0,0.0,7.45,7.14,1.32,0.0,0.0,0.0,0.0,0.0,0.0,0.0,0.0,0.0,0.0
0.0,0.0,0.3677,0.3347,-9.7874,6.7595,-16.2885,-3.1531,0.0,0.0,0.0,0.0,-1.9589,2.1504,21.0342,0.0,0.0,0.0,0.0,0.0,1.0,0.0,0.0,0.0,1.0,10.0,0.0,0.0,0.0,0.0,1.0,0.0,1.0,5.637949534985636,1.0,-28.87671006987803,1.0,73.99758728451263,1.0,-45.120877214634596,1.0,-5.637949534985636,0.0,0.0,0.0,0.0,0.0,-25.01,-3.65,3.19,0.0,0.0,0.0,0.0,1.0,10.0,0.0,0.0,0.0,0.0,1.0,0.0,1.0,-5.273439420267095,1.0,-38.98537015538576,1.0,62.77949169466226,1.0,-23.7941215392765,1.0,5.273439420267095,0.0,0.0,0.0,0.0,0.0,6.56,8.64,1.01,0.0,0.0,0.0,0.0,0.0,0.0,0.0,0.0,0.0,0.0
0.0,0.0,0.3628,0.3162,-9.7882,6.3704,-16.3423,-3.102,0.0,0.0,0.0,0.0,-1.8505,2.1219,21.1845,0.0,0.0,0.0,0.0,0.0,1.0,0.0,0.0,0.0,1.0,10.0,0.0,0.0,0.0,0.0,1.0,0.0,1.0,6.068632862625286,1.0,-30.078414957768217,1.0,75.54320577034774,1.0,-45.46479081257953,1.0,-6.068632862625286,0.0,0.0,0.0,0.0,0.0,-25.19,-1.39,3.56,0.0,0.0,0.0,0.0,1.0,10.0,0.0,0.0,0.0,0.0,1.0,0.0,1.0,-5.625675361522527,1.0,-38.61675506765378,1.0,62.977053034426454,1.0,-24.360297966772677,1.0,5.625675361522527,0.0,0.0,0.0,0.0,0.0,5.48,10.72,0.66,0.0,0.0,0.0,0.0,0.0,0.0,0.0,0.0,0.0,0.0
0.0,0.0,0.3399,0.3017,-9.7895,6.1258,-16.1671,-3.0561,0.0,0.0,0.0,0.0,-1.7651,1.9877,21.2885,0.0,0.0,0.0,0.0,0.0,1.0,0.0,0.0,0.0,1.0,10.0,0.0,0.0,0.0,0.0,1.0,0.0,1.0,6.496899755855925,1.0,-31.335123945439364,1.0,77.05874662602305,1.0,-45.72362268058369,1.0,-6.496899755855925,0.0,0.0,0.0,0.0,0.0,-24.79,0.73,3.84,0.0,0.0,0.0,0.0,1.0,10.0,0.0,0.0,0.0,0.0,1.0,0.0,1.0,-5.9693944406484025,1.0,-38.19568429596696,1.0,63.18260724111028,1.0,-24.98692294514332,1.0,5.9693944406484025,0.0,0.0,0.0,0.0,0.0,4.63,12.55,0.4,0.0,0.0,0.0,0.0,0.0,0.0,0.0,0.0,0.0,0.0
0.0,0.0,0.3399,0.3017,-9.7895,6.1258,-16.1671,-3.0561,0.0,0.0,0.0,0.0,-1.7651,1.9877,21.2885,0.0,0.0,0.0,0.0,0.0,1.0,0.0,0.0,0.0,1.0,10.0,0.0,0.0,0.0,0.0,1.0,0.0,1.0,6.496899755855925,1.0,-31.335123945439364,1.0,77.05874662602305,1.0,-45.72362268058369,1.0,-6.496899755855925,0.0,0.0,0.0,0.0,0.0,-24.79,0.73,3.84,0.0,0.0,0.0,0.0,1.0,10.0,0.0,0.0,0.0,0.0,1.0,0.0,1.0,-5.9693944406484025,1.0,-38.19568429596696,1.0,63.18260724111028,1.0,-24.98692294514332,1.0,5.9693944406484025,0.0,0.0,0.0,0.0,0.0,4.63,12.55,0.4,0.0,0.0,0.0,0.0,0.0,0.0,0.0,0.0,0.0,0.0
0.0,0.0,0.2978,0.2825,-9.7914,5.478,-15.7499,-2.9974,0.0,0.0,0.0,0.0,-1.6527,1.7415,21.3898,0.0,0.0,0.0,0.0,0.0,1.0,0.0,0.0,0.0,1.0,10.0,0.0,0.0,0.0,0.0,1.0,0.0,1.0,6.90334230699657,1.0,-32.60107582142853,1.0,78.47806941239386,1.0,-45.876993590965334,1.0,-6.90334230699657,0.0,0.0,0.0,0.0,0.0,-23.87,3.34,4.15,0.0,0.0,0.0,0.0,1.0,10.0,0.0,0.0,0.0,0.0,1.0,0.0,1.0,-6.2896980864794845,1.0,-37.7326917646218,1.0,63.38559093689097,1.0,-25.65289917226917,1.0,6.2896980864794845,0.0,0.0,0.0,0.0,0.0,3.77,14.61,0.13,0.0,0.0,0.0,0.0,0.0,0.0,0.0,0.0,0.0,0.0
0.0,0.0,0.2533,0.2593,-9.7933,5.3084,-15.1876,-2.6443,0.0,0.0,0.0,0.0,-1.5167,1.4811,21.4613,0.0,0.0,0.0,0.0,0.0,1.0,0.0,0.0,0.0,1.0,10.0,0.0,0.0,0.0,0.0,1.0,0.0,1.0,7.248651533840217,1.0,-33.75061807758231,1.0,79.66993011904279,1.0,-45.91931204146048,1.0,-7.248651533840217,0.0,0.0,0.0,0.0,0.0,-22.81,5.67,4.44,0.0,0.0,0.0,0.0,1.0,10.0,0.0,0.0,0.0,0.0,1.0,0.0,1.0,-6.557406647192593,1.0,-37.27620950701777,1.0,63.5637628252526,1.0,-26.28755331823483,1.0,6.557406647192593,0.0,0.0,0.0,0.0,0.0,3.1,16.37,-0.09,0.0,0.0,0.0,0.0,0.0,0.0,0.0,0.0,0.0,0.0
0.0,0.0,0.2081,0.2356,-9.795,5.4242,-14.6155,-2.2609,0.0,0.0,0.0,0.0,-1.378,1.2167,21.5009,0.0,0.0,0.0,0.0,0.0,1.0,0.0,0.0,0.0,1.0,10.0,0.0,0.0,0.0,0.0,1.0,0.0,1.0,7.574493033801092,1.0,-34.920156878122185,1.0,80.78324256519397,1.0,-45.86308568707179,1.0,-7.574493033801092,0.0,0.0,0.0,0.0,0.0,-21.75,7.73,4.75,0.0,0.0,0.0,0.0,1.0,10.0,0.0,0.0,0.0,0.0,1.0,0.0,1.0,-6.8063752610507,1.0,-36.77366127337012,1.0,63.736468734551174,1.0,-26.96280746118106,1.0,6.8063752610507,0.0,0.0,0.0,0.0,0.0,2.56,17.86,-0.2,0.0,0.0,0.0,0.0,0.0,0.0,0.0,0.0,0.0,0.0
0.0,0.0,0.1493,0.2044,-9.7967,5.6438,-13.8373,-1.7325,0.0,0.0,0.0,0.0,-1.195,0.8727,21.5286,0.0,0.0,0.0,0.0,0.0,1.0,0.0,0.0,0.0,1.0,10.0,0.0,0.0,0.0,0.0,1.0,0.0,1.0,7.867029306070092,1.0,-36.06919991996321,1.0,81.77368276602967,1.0,-45.704482846066455,1.0,-7.867029306070092,0.0,0.0,0.0,0.0,0.0,-20.41,10.24,5.19,0.0,0.0,0.0,0.0,1.0,10.0,0.0,0.0,0.0,0.0,1.0,0.0,1.0,-7.02693478648189,1.0,-36.23882406959914,1.0,63.89514171195156,1.0,-27.65631764235242,1.0,7.02693478648189,0.0,0.0,0.0,0.0,0.0,1.93,19.55,-0.27,0.0,0.0,0.0,0.0,0.0,0.0,0.0,0.0,0.0,0.0
0.0,0.0,0.0861,0.171,-9.7981,6.022,-12.9352,-1.3825,0.0,0.0,0.0,0.0,-0.9997,0.5032,21.541,0.0,0.0,0.0,0.0,0.0,1.0,0.0,0.0,0.0,1.0,10.0,0.0,0.0,0.0,0.0,1.0,0.0,1.0,8.12635009454152,1.0,-37.205514403835224,1.0,82.64471096356587,1.0,-45.43919655973065,1.0,-8.12635009454152,0.0,0.0,0.0,0.0,0.0,-18.99,12.77,5.72,0.0,0.0,0.0,0.0,1.0,10.0,0.0,0.0,0.0,0.0,1.0,0.0,1.0,-7.220148850335143,1.0,-35.66511699572913,1.0,64.03854686462645,1.0,-28.373429868897322,1.0,7.220148850335143,0.0,0.0,0.0,0.0,0.0,1.28,21.18,-0.28,0.0,0.0,0.0,0.0,0.0,0.0,0.0,0.0,0.0,0.0
0.0,0.0,0.0196,0.136,-9.799,6.639,-11.9054,-1.2172,0.0,0.0,0.0,0.0,-0.7949,0.1146,21.5408,0.0,0.0,0.0,0.0,0.0,1.0,0.0,0.0,0.0,1.0,10.0,0.0,0.0,0.0,0.0,1.0,0.0,1.0,8.348084559806999,1.0,-38.32052872320424,1.0,83.38445631864663,1.0,-45.06392759544238,1.0,-8.348084559806999,0.0,0.0,0.0,0.0,0.0,-17.53,15.3,6.32,0.0,0.0,0.0,0.0,1.0,10.0,0.0,0.0,0.0,0.0,1.0,0.0,1.0,-7.383668489779678,1.0,-35.05270360665052,1.0,64.16314273331186,1.0,-29.110439126661337,1.0,7.383668489779678,0.0,0.0,0.0,0.0,0.0,0.59,22.71,-0.25,0.0,0.0,0.0,0.0,0.0,0.0,0.0,0.0,0.0,0.0
